heading, x-dist, y-dist, cost-to-goal
3, 2, 2, 8
3, 2, 2, 7
3, 1, 2, 4
3, 0, 2, 3
3, 0, 1, 1
3, 2, 2, 8
3, 2, 2, 7
3, 1, 2, 4
3, 0, 2, 3
3, 0, 1, 1
3, 2, 2, 8
3, 2, 2, 7
3, 1, 2, 4
3, 0, 2, 3
3, 0, 1, 1
3, 2, 2, 8
3, 2, 2, 7
3, 1, 2, 4
3, 0, 2, 3
3, 0, 1, 1
3, 2, 2, 8
3, 2, 2, 7
3, 1, 2, 4
3, 0, 2, 3
3, 0, 1, 1
0, 1, 2, 10
0, 1, 1, 7
3, 1, 0, 3
3, 1, 0, 1
3, 1, 2, 14
3, 1, 2, 13
3, 0, 2, 10
3, 1, 2, 9
3, 1, 1, 7
0, 1, 0, 3
0, 1, 0, 1
3, 1, 2, 14
3, 1, 2, 13
3, 0, 2, 10
3, 1, 2, 9
3, 1, 1, 7
0, 1, 0, 3
0, 1, 0, 1
0, 1, 2, 10
0, 1, 1, 7
3, 1, 0, 3
3, 1, 0, 1
1, 57, 38, 407
1, 57, 38, 406
2, 56, 38, 403
2, 56, 38, 401
3, 55, 38, 393
0, 55, 38, 389
0, 55, 38, 385
1, 55, 37, 384
2, 55, 37, 383
2, 55, 37, 382
3, 55, 36, 381
0, 55, 36, 380
0, 55, 36, 379
1, 55, 35, 374
2, 55, 35, 371
2, 55, 35, 368
2, 55, 34, 365
1, 55, 33, 364
1, 55, 33, 363
2, 56, 33, 362
3, 56, 33, 361
3, 56, 33, 360
3, 56, 32, 357
2, 56, 31, 356
2, 56, 31, 355
2, 55, 31, 352
3, 54, 31, 347
0, 54, 31, 344
0, 54, 31, 341
0, 54, 30, 338
3, 54, 29, 335
3, 54, 29, 333
3, 53, 29, 330
2, 52, 29, 327
2, 52, 29, 325
2, 51, 29, 322
3, 50, 29, 319
0, 50, 29, 317
0, 50, 29, 315
0, 50, 28, 312
1, 50, 27, 311
2, 50, 27, 310
2, 50, 27, 309
2, 50, 26, 306
3, 50, 25, 303
0, 50, 25, 301
0, 50, 25, 299
0, 50, 24, 296
3, 50, 23, 295
3, 50, 23, 294
3, 49, 23, 291
2, 48, 23, 282
2, 48, 23, 277
2, 47, 23, 274
3, 46, 23, 273
0, 46, 23, 272
0, 46, 23, 271
0, 46, 22, 268
3, 46, 21, 267
3, 46, 21, 266
3, 45, 21, 263
0, 44, 21, 262
1, 44, 21, 261
1, 44, 21, 260
1, 44, 20, 257
2, 44, 19, 251
3, 44, 19, 248
3, 44, 19, 245
3, 44, 18, 242
0, 44, 17, 241
1, 44, 17, 240
1, 44, 17, 239
1, 44, 16, 236
2, 44, 15, 235
3, 44, 15, 234
3, 44, 15, 233
3, 44, 14, 230
0, 44, 13, 227
1, 44, 13, 225
1, 44, 13, 223
1, 44, 12, 220
2, 44, 11, 213
3, 44, 11, 209
3, 44, 11, 205
3, 44, 10, 202
2, 44, 9, 199
2, 44, 9, 197
2, 43, 9, 194
1, 42, 9, 193
1, 42, 9, 192
1, 41, 9, 189
0, 40, 9, 188
0, 40, 9, 187
0, 39, 9, 184
1, 38, 9, 182
1, 38, 9, 181
0, 37, 9, 180
0, 37, 9, 179
0, 36, 9, 176
3, 35, 9, 175
3, 35, 9, 174
3, 34, 9, 171
2, 33, 9, 170
2, 33, 9, 169
2, 32, 9, 166
3, 31, 9, 165
3, 31, 9, 164
0, 30, 9, 163
1, 30, 9, 162
1, 30, 9, 161
0, 30, 8, 160
0, 30, 8, 159
0, 29, 8, 156
1, 28, 8, 153
2, 28, 8, 151
2, 28, 8, 149
2, 28, 7, 146
3, 28, 6, 145
0, 28, 6, 144
0, 28, 6, 143
0, 28, 5, 140
3, 28, 4, 136
3, 28, 4, 134
3, 27, 4, 131
2, 26, 4, 130
2, 26, 4, 129
2, 25, 4, 126
1, 24, 4, 123
1, 24, 4, 121
1, 23, 4, 118
0, 22, 4, 116
0, 22, 4, 115
0, 21, 4, 112
3, 20, 4, 106
3, 20, 4, 103
3, 19, 4, 100
2, 18, 4, 96
2, 18, 4, 94
2, 17, 4, 91
1, 16, 4, 88
1, 16, 4, 86
1, 15, 4, 83
0, 14, 4, 78
0, 14, 4, 75
0, 13, 4, 72
3, 12, 4, 68
3, 12, 4, 66
3, 11, 4, 63
2, 10, 4, 60
2, 10, 4, 58
2, 9, 4, 55
3, 8, 4, 48
3, 8, 4, 44
2, 7, 4, 43
2, 7, 4, 42
2, 6, 4, 39
3, 5, 4, 38
0, 5, 4, 37
0, 5, 4, 36
0, 5, 3, 33
3, 5, 2, 32
3, 5, 2, 31
3, 4, 2, 28
0, 3, 2, 25
1, 3, 2, 23
1, 3, 2, 21
1, 3, 1, 18
0, 3, 0, 14
0, 3, 0, 12
0, 2, 0, 9
3, 1, 0, 8
3, 1, 0, 7
3, 0, 0, 4
2, 1, 0, 2
2, 1, 0, 1
1, 57, 38, 407
1, 57, 38, 406
2, 56, 38, 403
2, 56, 38, 401
3, 55, 38, 393
0, 55, 38, 389
0, 55, 38, 385
1, 55, 37, 384
2, 55, 37, 383
2, 55, 37, 382
3, 55, 36, 381
0, 55, 36, 380
0, 55, 36, 379
1, 55, 35, 374
2, 55, 35, 371
2, 55, 35, 368
2, 55, 34, 365
1, 55, 33, 364
1, 55, 33, 363
2, 56, 33, 362
3, 56, 33, 361
3, 56, 33, 360
3, 56, 32, 357
2, 56, 31, 356
2, 56, 31, 355
2, 55, 31, 352
3, 54, 31, 347
0, 54, 31, 344
0, 54, 31, 341
0, 54, 30, 338
3, 54, 29, 335
3, 54, 29, 333
3, 53, 29, 330
2, 52, 29, 327
2, 52, 29, 325
2, 51, 29, 322
3, 50, 29, 319
0, 50, 29, 317
0, 50, 29, 315
0, 50, 28, 312
1, 50, 27, 311
2, 50, 27, 310
2, 50, 27, 309
2, 50, 26, 306
3, 50, 25, 303
0, 50, 25, 301
0, 50, 25, 299
0, 50, 24, 296
3, 50, 23, 295
3, 50, 23, 294
3, 49, 23, 291
2, 48, 23, 282
2, 48, 23, 277
2, 47, 23, 274
3, 46, 23, 273
0, 46, 23, 272
0, 46, 23, 271
0, 46, 22, 268
3, 46, 21, 267
3, 46, 21, 266
3, 45, 21, 263
0, 44, 21, 262
1, 44, 21, 261
1, 44, 21, 260
1, 44, 20, 257
2, 44, 19, 251
3, 44, 19, 248
3, 44, 19, 245
3, 44, 18, 242
0, 44, 17, 241
1, 44, 17, 240
1, 44, 17, 239
1, 44, 16, 236
2, 44, 15, 235
3, 44, 15, 234
3, 44, 15, 233
3, 44, 14, 230
0, 44, 13, 227
1, 44, 13, 225
1, 44, 13, 223
1, 44, 12, 220
2, 44, 11, 213
3, 44, 11, 209
3, 44, 11, 205
3, 44, 10, 202
2, 44, 9, 199
2, 44, 9, 197
2, 43, 9, 194
1, 42, 9, 193
1, 42, 9, 192
1, 41, 9, 189
0, 40, 9, 188
0, 40, 9, 187
0, 39, 9, 184
1, 38, 9, 182
1, 38, 9, 181
0, 37, 9, 180
0, 37, 9, 179
0, 36, 9, 176
3, 35, 9, 175
3, 35, 9, 174
3, 34, 9, 171
2, 33, 9, 170
2, 33, 9, 169
2, 32, 9, 166
3, 31, 9, 165
3, 31, 9, 164
0, 30, 9, 163
1, 30, 9, 162
1, 30, 9, 161
0, 30, 8, 160
0, 30, 8, 159
0, 29, 8, 156
1, 28, 8, 153
2, 28, 8, 151
2, 28, 8, 149
2, 28, 7, 146
3, 28, 6, 145
0, 28, 6, 144
0, 28, 6, 143
0, 28, 5, 140
3, 28, 4, 136
3, 28, 4, 134
3, 27, 4, 131
2, 26, 4, 130
2, 26, 4, 129
2, 25, 4, 126
1, 24, 4, 123
1, 24, 4, 121
1, 23, 4, 118
0, 22, 4, 116
0, 22, 4, 115
0, 21, 4, 112
3, 20, 4, 106
3, 20, 4, 103
3, 19, 4, 100
2, 18, 4, 96
2, 18, 4, 94
2, 17, 4, 91
1, 16, 4, 88
1, 16, 4, 86
1, 15, 4, 83
0, 14, 4, 78
0, 14, 4, 75
0, 13, 4, 72
3, 12, 4, 68
3, 12, 4, 66
3, 11, 4, 63
2, 10, 4, 60
2, 10, 4, 58
2, 9, 4, 55
3, 8, 4, 48
3, 8, 4, 44
2, 7, 4, 43
2, 7, 4, 42
2, 6, 4, 39
3, 5, 4, 38
0, 5, 4, 37
0, 5, 4, 36
0, 5, 3, 33
3, 5, 2, 32
3, 5, 2, 31
3, 4, 2, 28
0, 3, 2, 25
1, 3, 2, 23
1, 3, 2, 21
1, 3, 1, 18
0, 3, 0, 14
0, 3, 0, 12
0, 2, 0, 9
3, 1, 0, 8
3, 1, 0, 7
3, 0, 0, 4
2, 1, 0, 2
2, 1, 0, 1
3, 40, 57, 408
3, 40, 57, 407
3, 39, 57, 404
0, 38, 57, 399
1, 38, 57, 396
1, 38, 57, 393
1, 38, 56, 390
2, 38, 55, 387
3, 38, 55, 385
3, 38, 55, 383
3, 38, 54, 380
0, 38, 53, 379
1, 38, 53, 378
1, 38, 53, 377
1, 38, 52, 374
2, 38, 51, 372
3, 38, 51, 371
3, 38, 51, 370
3, 38, 50, 367
0, 38, 49, 361
1, 38, 49, 358
1, 38, 49, 355
1, 38, 48, 352
2, 38, 47, 351
3, 38, 47, 350
3, 38, 47, 349
3, 38, 46, 346
2, 38, 45, 342
2, 38, 45, 340
2, 37, 45, 337
1, 36, 45, 333
1, 36, 45, 331
1, 35, 45, 328
2, 34, 45, 327
3, 34, 45, 326
3, 34, 45, 325
3, 34, 44, 322
0, 34, 43, 318
1, 34, 43, 316
1, 34, 43, 314
1, 34, 42, 311
2, 34, 41, 310
3, 34, 41, 309
3, 34, 41, 308
3, 34, 40, 305
0, 34, 39, 303
1, 34, 39, 302
1, 34, 39, 301
1, 34, 38, 298
0, 34, 37, 296
0, 34, 37, 295
0, 33, 37, 292
1, 32, 37, 289
2, 32, 37, 287
2, 32, 37, 285
2, 32, 36, 282
1, 32, 35, 278
1, 32, 35, 276
1, 31, 35, 273
2, 30, 35, 272
3, 30, 35, 271
3, 30, 35, 270
3, 30, 34, 267
2, 30, 33, 266
2, 30, 33, 265
2, 29, 33, 262
3, 28, 33, 259
0, 28, 33, 257
0, 28, 33, 255
0, 28, 32, 252
1, 28, 31, 249
2, 28, 31, 247
2, 28, 31, 245
2, 28, 30, 242
1, 28, 29, 240
1, 28, 29, 239
1, 27, 29, 236
0, 26, 29, 234
0, 26, 29, 233
0, 25, 29, 230
3, 24, 29, 221
3, 24, 29, 216
3, 23, 29, 213
2, 22, 29, 212
2, 22, 29, 211
2, 21, 29, 208
3, 20, 29, 206
0, 20, 29, 205
0, 20, 29, 204
0, 20, 28, 201
1, 20, 27, 197
2, 20, 27, 195
2, 20, 27, 193
2, 20, 26, 190
3, 20, 25, 189
0, 20, 25, 188
0, 20, 25, 187
0, 20, 24, 184
3, 20, 23, 182
3, 20, 23, 181
3, 19, 23, 178
2, 18, 23, 175
2, 18, 23, 173
2, 17, 23, 170
1, 16, 23, 166
1, 16, 23, 164
1, 15, 23, 161
0, 14, 23, 159
0, 14, 23, 158
0, 13, 23, 155
3, 12, 23, 154
3, 12, 23, 153
3, 11, 23, 150
0, 10, 23, 148
0, 10, 23, 147
1, 9, 23, 146
2, 9, 23, 145
2, 9, 23, 144
3, 9, 22, 142
0, 9, 22, 141
0, 9, 22, 140
0, 9, 21, 137
3, 9, 20, 136
3, 9, 20, 135
3, 8, 20, 132
2, 7, 20, 130
2, 7, 20, 129
2, 6, 20, 126
1, 5, 20, 125
1, 5, 20, 124
1, 4, 20, 121
2, 3, 20, 116
3, 3, 20, 113
3, 3, 20, 110
3, 3, 19, 107
0, 3, 18, 106
1, 3, 18, 105
1, 3, 18, 104
1, 3, 17, 101
2, 3, 16, 100
3, 3, 16, 99
3, 3, 16, 98
3, 3, 15, 95
0, 3, 14, 92
1, 3, 14, 90
1, 3, 14, 88
1, 3, 13, 85
2, 3, 12, 82
3, 3, 12, 80
3, 3, 12, 78
3, 3, 11, 75
0, 3, 10, 72
1, 3, 10, 70
1, 3, 10, 68
1, 3, 9, 65
0, 3, 8, 61
0, 3, 8, 59
0, 2, 8, 56
1, 1, 8, 55
2, 1, 8, 54
2, 1, 8, 53
2, 1, 7, 50
1, 1, 6, 43
1, 1, 6, 39
1, 0, 6, 36
2, 1, 6, 35
3, 1, 6, 34
3, 1, 6, 33
3, 1, 5, 30
0, 1, 4, 26
1, 1, 4, 24
1, 1, 4, 22
1, 1, 3, 19
2, 1, 2, 16
3, 1, 2, 14
3, 1, 2, 12
3, 1, 1, 9
2, 1, 0, 4
2, 1, 0, 1
1, 57, 38, 407
1, 57, 38, 406
2, 56, 38, 403
2, 56, 38, 401
3, 55, 38, 393
0, 55, 38, 389
0, 55, 38, 385
1, 55, 37, 384
2, 55, 37, 383
2, 55, 37, 382
3, 55, 36, 381
0, 55, 36, 380
0, 55, 36, 379
1, 55, 35, 374
2, 55, 35, 371
2, 55, 35, 368
2, 55, 34, 365
1, 55, 33, 364
1, 55, 33, 363
2, 56, 33, 362
3, 56, 33, 361
3, 56, 33, 360
3, 56, 32, 357
2, 56, 31, 356
2, 56, 31, 355
2, 55, 31, 352
3, 54, 31, 347
0, 54, 31, 344
0, 54, 31, 341
0, 54, 30, 338
3, 54, 29, 335
3, 54, 29, 333
3, 53, 29, 330
2, 52, 29, 327
2, 52, 29, 325
2, 51, 29, 322
3, 50, 29, 319
0, 50, 29, 317
0, 50, 29, 315
0, 50, 28, 312
1, 50, 27, 311
2, 50, 27, 310
2, 50, 27, 309
2, 50, 26, 306
3, 50, 25, 303
0, 50, 25, 301
0, 50, 25, 299
0, 50, 24, 296
3, 50, 23, 295
3, 50, 23, 294
3, 49, 23, 291
2, 48, 23, 282
2, 48, 23, 277
2, 47, 23, 274
3, 46, 23, 273
0, 46, 23, 272
0, 46, 23, 271
0, 46, 22, 268
3, 46, 21, 267
3, 46, 21, 266
3, 45, 21, 263
0, 44, 21, 262
1, 44, 21, 261
1, 44, 21, 260
1, 44, 20, 257
2, 44, 19, 251
3, 44, 19, 248
3, 44, 19, 245
3, 44, 18, 242
0, 44, 17, 241
1, 44, 17, 240
1, 44, 17, 239
1, 44, 16, 236
2, 44, 15, 235
3, 44, 15, 234
3, 44, 15, 233
3, 44, 14, 230
0, 44, 13, 227
1, 44, 13, 225
1, 44, 13, 223
1, 44, 12, 220
2, 44, 11, 213
3, 44, 11, 209
3, 44, 11, 205
3, 44, 10, 202
2, 44, 9, 199
2, 44, 9, 197
2, 43, 9, 194
1, 42, 9, 193
1, 42, 9, 192
1, 41, 9, 189
0, 40, 9, 188
0, 40, 9, 187
0, 39, 9, 184
1, 38, 9, 182
1, 38, 9, 181
0, 37, 9, 180
0, 37, 9, 179
0, 36, 9, 176
3, 35, 9, 175
3, 35, 9, 174
3, 34, 9, 171
2, 33, 9, 170
2, 33, 9, 169
2, 32, 9, 166
3, 31, 9, 165
3, 31, 9, 164
0, 30, 9, 163
1, 30, 9, 162
1, 30, 9, 161
0, 30, 8, 160
0, 30, 8, 159
0, 29, 8, 156
1, 28, 8, 153
2, 28, 8, 151
2, 28, 8, 149
2, 28, 7, 146
3, 28, 6, 145
0, 28, 6, 144
0, 28, 6, 143
0, 28, 5, 140
3, 28, 4, 136
3, 28, 4, 134
3, 27, 4, 131
2, 26, 4, 130
2, 26, 4, 129
2, 25, 4, 126
1, 24, 4, 123
1, 24, 4, 121
1, 23, 4, 118
0, 22, 4, 116
0, 22, 4, 115
0, 21, 4, 112
3, 20, 4, 106
3, 20, 4, 103
3, 19, 4, 100
2, 18, 4, 96
2, 18, 4, 94
2, 17, 4, 91
1, 16, 4, 88
1, 16, 4, 86
1, 15, 4, 83
0, 14, 4, 78
0, 14, 4, 75
0, 13, 4, 72
3, 12, 4, 68
3, 12, 4, 66
3, 11, 4, 63
2, 10, 4, 60
2, 10, 4, 58
2, 9, 4, 55
3, 8, 4, 48
3, 8, 4, 44
2, 7, 4, 43
2, 7, 4, 42
2, 6, 4, 39
3, 5, 4, 38
0, 5, 4, 37
0, 5, 4, 36
0, 5, 3, 33
3, 5, 2, 32
3, 5, 2, 31
3, 4, 2, 28
0, 3, 2, 25
1, 3, 2, 23
1, 3, 2, 21
1, 3, 1, 18
0, 3, 0, 14
0, 3, 0, 12
0, 2, 0, 9
3, 1, 0, 8
3, 1, 0, 7
3, 0, 0, 4
2, 1, 0, 2
2, 1, 0, 1
3, 40, 57, 408
3, 40, 57, 407
3, 39, 57, 404
0, 38, 57, 399
1, 38, 57, 396
1, 38, 57, 393
1, 38, 56, 390
2, 38, 55, 387
3, 38, 55, 385
3, 38, 55, 383
3, 38, 54, 380
0, 38, 53, 379
1, 38, 53, 378
1, 38, 53, 377
1, 38, 52, 374
2, 38, 51, 372
3, 38, 51, 371
3, 38, 51, 370
3, 38, 50, 367
0, 38, 49, 361
1, 38, 49, 358
1, 38, 49, 355
1, 38, 48, 352
2, 38, 47, 351
3, 38, 47, 350
3, 38, 47, 349
3, 38, 46, 346
2, 38, 45, 342
2, 38, 45, 340
2, 37, 45, 337
1, 36, 45, 333
1, 36, 45, 331
1, 35, 45, 328
2, 34, 45, 327
3, 34, 45, 326
3, 34, 45, 325
3, 34, 44, 322
0, 34, 43, 318
1, 34, 43, 316
1, 34, 43, 314
1, 34, 42, 311
2, 34, 41, 310
3, 34, 41, 309
3, 34, 41, 308
3, 34, 40, 305
0, 34, 39, 303
1, 34, 39, 302
1, 34, 39, 301
1, 34, 38, 298
0, 34, 37, 296
0, 34, 37, 295
0, 33, 37, 292
1, 32, 37, 289
2, 32, 37, 287
2, 32, 37, 285
2, 32, 36, 282
1, 32, 35, 278
1, 32, 35, 276
1, 31, 35, 273
2, 30, 35, 272
3, 30, 35, 271
3, 30, 35, 270
3, 30, 34, 267
2, 30, 33, 266
2, 30, 33, 265
2, 29, 33, 262
3, 28, 33, 259
0, 28, 33, 257
0, 28, 33, 255
0, 28, 32, 252
1, 28, 31, 249
2, 28, 31, 247
2, 28, 31, 245
2, 28, 30, 242
1, 28, 29, 240
1, 28, 29, 239
1, 27, 29, 236
0, 26, 29, 234
0, 26, 29, 233
0, 25, 29, 230
3, 24, 29, 221
3, 24, 29, 216
3, 23, 29, 213
2, 22, 29, 212
2, 22, 29, 211
2, 21, 29, 208
3, 20, 29, 206
0, 20, 29, 205
0, 20, 29, 204
0, 20, 28, 201
1, 20, 27, 197
2, 20, 27, 195
2, 20, 27, 193
2, 20, 26, 190
3, 20, 25, 189
0, 20, 25, 188
0, 20, 25, 187
0, 20, 24, 184
3, 20, 23, 182
3, 20, 23, 181
3, 19, 23, 178
2, 18, 23, 175
2, 18, 23, 173
2, 17, 23, 170
1, 16, 23, 166
1, 16, 23, 164
1, 15, 23, 161
0, 14, 23, 159
0, 14, 23, 158
0, 13, 23, 155
3, 12, 23, 154
3, 12, 23, 153
3, 11, 23, 150
0, 10, 23, 148
0, 10, 23, 147
1, 9, 23, 146
2, 9, 23, 145
2, 9, 23, 144
3, 9, 22, 142
0, 9, 22, 141
0, 9, 22, 140
0, 9, 21, 137
3, 9, 20, 136
3, 9, 20, 135
3, 8, 20, 132
2, 7, 20, 130
2, 7, 20, 129
2, 6, 20, 126
1, 5, 20, 125
1, 5, 20, 124
1, 4, 20, 121
2, 3, 20, 116
3, 3, 20, 113
3, 3, 20, 110
3, 3, 19, 107
0, 3, 18, 106
1, 3, 18, 105
1, 3, 18, 104
1, 3, 17, 101
2, 3, 16, 100
3, 3, 16, 99
3, 3, 16, 98
3, 3, 15, 95
0, 3, 14, 92
1, 3, 14, 90
1, 3, 14, 88
1, 3, 13, 85
2, 3, 12, 82
3, 3, 12, 80
3, 3, 12, 78
3, 3, 11, 75
0, 3, 10, 72
1, 3, 10, 70
1, 3, 10, 68
1, 3, 9, 65
0, 3, 8, 61
0, 3, 8, 59
0, 2, 8, 56
1, 1, 8, 55
2, 1, 8, 54
2, 1, 8, 53
2, 1, 7, 50
1, 1, 6, 43
1, 1, 6, 39
1, 0, 6, 36
2, 1, 6, 35
3, 1, 6, 34
3, 1, 6, 33
3, 1, 5, 30
0, 1, 4, 26
1, 1, 4, 24
1, 1, 4, 22
1, 1, 3, 19
2, 1, 2, 16
3, 1, 2, 14
3, 1, 2, 12
3, 1, 1, 9
2, 1, 0, 4
2, 1, 0, 1
3, 36, 2, 179
3, 36, 2, 178
3, 35, 2, 175
2, 34, 2, 173
2, 34, 2, 172
2, 33, 2, 169
1, 32, 2, 166
1, 32, 2, 164
1, 31, 2, 161
0, 30, 2, 156
0, 30, 2, 153
0, 29, 2, 150
3, 28, 2, 148
3, 28, 2, 147
3, 27, 2, 144
2, 26, 2, 138
2, 26, 2, 135
2, 25, 2, 132
1, 24, 2, 125
1, 24, 2, 121
1, 23, 2, 118
0, 22, 2, 112
0, 22, 2, 109
0, 21, 2, 106
3, 20, 2, 98
3, 20, 2, 94
3, 19, 2, 91
2, 18, 2, 86
2, 18, 2, 83
2, 17, 2, 80
1, 16, 2, 79
1, 16, 2, 78
1, 15, 2, 75
0, 14, 2, 70
0, 14, 2, 67
0, 13, 2, 64
3, 12, 2, 56
3, 12, 2, 52
3, 11, 2, 49
2, 10, 2, 46
2, 10, 2, 44
2, 9, 2, 41
1, 8, 2, 35
1, 8, 2, 32
1, 7, 2, 29
2, 6, 2, 28
3, 6, 2, 27
3, 6, 2, 26
3, 6, 1, 23
2, 6, 0, 22
2, 6, 0, 21
2, 5, 0, 18
1, 4, 0, 16
1, 4, 0, 15
1, 3, 0, 12
0, 2, 0, 7
0, 2, 0, 4
0, 1, 0, 1
1, 57, 38, 407
1, 57, 38, 406
2, 56, 38, 403
2, 56, 38, 401
3, 55, 38, 393
0, 55, 38, 389
0, 55, 38, 385
1, 55, 37, 384
2, 55, 37, 383
2, 55, 37, 382
3, 55, 36, 381
0, 55, 36, 380
0, 55, 36, 379
1, 55, 35, 374
2, 55, 35, 371
2, 55, 35, 368
2, 55, 34, 365
1, 55, 33, 364
1, 55, 33, 363
2, 56, 33, 362
3, 56, 33, 361
3, 56, 33, 360
3, 56, 32, 357
2, 56, 31, 356
2, 56, 31, 355
2, 55, 31, 352
3, 54, 31, 347
0, 54, 31, 344
0, 54, 31, 341
0, 54, 30, 338
3, 54, 29, 335
3, 54, 29, 333
3, 53, 29, 330
2, 52, 29, 327
2, 52, 29, 325
2, 51, 29, 322
3, 50, 29, 319
0, 50, 29, 317
0, 50, 29, 315
0, 50, 28, 312
1, 50, 27, 311
2, 50, 27, 310
2, 50, 27, 309
2, 50, 26, 306
3, 50, 25, 303
0, 50, 25, 301
0, 50, 25, 299
0, 50, 24, 296
3, 50, 23, 295
3, 50, 23, 294
3, 49, 23, 291
2, 48, 23, 282
2, 48, 23, 277
2, 47, 23, 274
3, 46, 23, 273
0, 46, 23, 272
0, 46, 23, 271
0, 46, 22, 268
3, 46, 21, 267
3, 46, 21, 266
3, 45, 21, 263
0, 44, 21, 262
1, 44, 21, 261
1, 44, 21, 260
1, 44, 20, 257
2, 44, 19, 251
3, 44, 19, 248
3, 44, 19, 245
3, 44, 18, 242
0, 44, 17, 241
1, 44, 17, 240
1, 44, 17, 239
1, 44, 16, 236
2, 44, 15, 235
3, 44, 15, 234
3, 44, 15, 233
3, 44, 14, 230
0, 44, 13, 227
1, 44, 13, 225
1, 44, 13, 223
1, 44, 12, 220
2, 44, 11, 213
3, 44, 11, 209
3, 44, 11, 205
3, 44, 10, 202
2, 44, 9, 199
2, 44, 9, 197
2, 43, 9, 194
1, 42, 9, 193
1, 42, 9, 192
1, 41, 9, 189
0, 40, 9, 188
0, 40, 9, 187
0, 39, 9, 184
1, 38, 9, 182
1, 38, 9, 181
0, 37, 9, 180
0, 37, 9, 179
0, 36, 9, 176
3, 35, 9, 175
3, 35, 9, 174
3, 34, 9, 171
2, 33, 9, 170
2, 33, 9, 169
2, 32, 9, 166
3, 31, 9, 165
3, 31, 9, 164
0, 30, 9, 163
1, 30, 9, 162
1, 30, 9, 161
0, 30, 8, 160
0, 30, 8, 159
0, 29, 8, 156
1, 28, 8, 153
2, 28, 8, 151
2, 28, 8, 149
2, 28, 7, 146
3, 28, 6, 145
0, 28, 6, 144
0, 28, 6, 143
0, 28, 5, 140
3, 28, 4, 136
3, 28, 4, 134
3, 27, 4, 131
2, 26, 4, 130
2, 26, 4, 129
2, 25, 4, 126
1, 24, 4, 123
1, 24, 4, 121
1, 23, 4, 118
0, 22, 4, 116
0, 22, 4, 115
0, 21, 4, 112
3, 20, 4, 106
3, 20, 4, 103
3, 19, 4, 100
2, 18, 4, 96
2, 18, 4, 94
2, 17, 4, 91
1, 16, 4, 88
1, 16, 4, 86
1, 15, 4, 83
0, 14, 4, 78
0, 14, 4, 75
0, 13, 4, 72
3, 12, 4, 68
3, 12, 4, 66
3, 11, 4, 63
2, 10, 4, 60
2, 10, 4, 58
2, 9, 4, 55
3, 8, 4, 48
3, 8, 4, 44
2, 7, 4, 43
2, 7, 4, 42
2, 6, 4, 39
3, 5, 4, 38
0, 5, 4, 37
0, 5, 4, 36
0, 5, 3, 33
3, 5, 2, 32
3, 5, 2, 31
3, 4, 2, 28
0, 3, 2, 25
1, 3, 2, 23
1, 3, 2, 21
1, 3, 1, 18
0, 3, 0, 14
0, 3, 0, 12
0, 2, 0, 9
3, 1, 0, 8
3, 1, 0, 7
3, 0, 0, 4
2, 1, 0, 2
2, 1, 0, 1
3, 40, 57, 408
3, 40, 57, 407
3, 39, 57, 404
0, 38, 57, 399
1, 38, 57, 396
1, 38, 57, 393
1, 38, 56, 390
2, 38, 55, 387
3, 38, 55, 385
3, 38, 55, 383
3, 38, 54, 380
0, 38, 53, 379
1, 38, 53, 378
1, 38, 53, 377
1, 38, 52, 374
2, 38, 51, 372
3, 38, 51, 371
3, 38, 51, 370
3, 38, 50, 367
0, 38, 49, 361
1, 38, 49, 358
1, 38, 49, 355
1, 38, 48, 352
2, 38, 47, 351
3, 38, 47, 350
3, 38, 47, 349
3, 38, 46, 346
2, 38, 45, 342
2, 38, 45, 340
2, 37, 45, 337
1, 36, 45, 333
1, 36, 45, 331
1, 35, 45, 328
2, 34, 45, 327
3, 34, 45, 326
3, 34, 45, 325
3, 34, 44, 322
0, 34, 43, 318
1, 34, 43, 316
1, 34, 43, 314
1, 34, 42, 311
2, 34, 41, 310
3, 34, 41, 309
3, 34, 41, 308
3, 34, 40, 305
0, 34, 39, 303
1, 34, 39, 302
1, 34, 39, 301
1, 34, 38, 298
0, 34, 37, 296
0, 34, 37, 295
0, 33, 37, 292
1, 32, 37, 289
2, 32, 37, 287
2, 32, 37, 285
2, 32, 36, 282
1, 32, 35, 278
1, 32, 35, 276
1, 31, 35, 273
2, 30, 35, 272
3, 30, 35, 271
3, 30, 35, 270
3, 30, 34, 267
2, 30, 33, 266
2, 30, 33, 265
2, 29, 33, 262
3, 28, 33, 259
0, 28, 33, 257
0, 28, 33, 255
0, 28, 32, 252
1, 28, 31, 249
2, 28, 31, 247
2, 28, 31, 245
2, 28, 30, 242
1, 28, 29, 240
1, 28, 29, 239
1, 27, 29, 236
0, 26, 29, 234
0, 26, 29, 233
0, 25, 29, 230
3, 24, 29, 221
3, 24, 29, 216
3, 23, 29, 213
2, 22, 29, 212
2, 22, 29, 211
2, 21, 29, 208
3, 20, 29, 206
0, 20, 29, 205
0, 20, 29, 204
0, 20, 28, 201
1, 20, 27, 197
2, 20, 27, 195
2, 20, 27, 193
2, 20, 26, 190
3, 20, 25, 189
0, 20, 25, 188
0, 20, 25, 187
0, 20, 24, 184
3, 20, 23, 182
3, 20, 23, 181
3, 19, 23, 178
2, 18, 23, 175
2, 18, 23, 173
2, 17, 23, 170
1, 16, 23, 166
1, 16, 23, 164
1, 15, 23, 161
0, 14, 23, 159
0, 14, 23, 158
0, 13, 23, 155
3, 12, 23, 154
3, 12, 23, 153
3, 11, 23, 150
0, 10, 23, 148
0, 10, 23, 147
1, 9, 23, 146
2, 9, 23, 145
2, 9, 23, 144
3, 9, 22, 142
0, 9, 22, 141
0, 9, 22, 140
0, 9, 21, 137
3, 9, 20, 136
3, 9, 20, 135
3, 8, 20, 132
2, 7, 20, 130
2, 7, 20, 129
2, 6, 20, 126
1, 5, 20, 125
1, 5, 20, 124
1, 4, 20, 121
2, 3, 20, 116
3, 3, 20, 113
3, 3, 20, 110
3, 3, 19, 107
0, 3, 18, 106
1, 3, 18, 105
1, 3, 18, 104
1, 3, 17, 101
2, 3, 16, 100
3, 3, 16, 99
3, 3, 16, 98
3, 3, 15, 95
0, 3, 14, 92
1, 3, 14, 90
1, 3, 14, 88
1, 3, 13, 85
2, 3, 12, 82
3, 3, 12, 80
3, 3, 12, 78
3, 3, 11, 75
0, 3, 10, 72
1, 3, 10, 70
1, 3, 10, 68
1, 3, 9, 65
0, 3, 8, 61
0, 3, 8, 59
0, 2, 8, 56
1, 1, 8, 55
2, 1, 8, 54
2, 1, 8, 53
2, 1, 7, 50
1, 1, 6, 43
1, 1, 6, 39
1, 0, 6, 36
2, 1, 6, 35
3, 1, 6, 34
3, 1, 6, 33
3, 1, 5, 30
0, 1, 4, 26
1, 1, 4, 24
1, 1, 4, 22
1, 1, 3, 19
2, 1, 2, 16
3, 1, 2, 14
3, 1, 2, 12
3, 1, 1, 9
2, 1, 0, 4
2, 1, 0, 1
3, 36, 2, 179
3, 36, 2, 178
3, 35, 2, 175
2, 34, 2, 173
2, 34, 2, 172
2, 33, 2, 169
1, 32, 2, 166
1, 32, 2, 164
1, 31, 2, 161
0, 30, 2, 156
0, 30, 2, 153
0, 29, 2, 150
3, 28, 2, 148
3, 28, 2, 147
3, 27, 2, 144
2, 26, 2, 138
2, 26, 2, 135
2, 25, 2, 132
1, 24, 2, 125
1, 24, 2, 121
1, 23, 2, 118
0, 22, 2, 112
0, 22, 2, 109
0, 21, 2, 106
3, 20, 2, 98
3, 20, 2, 94
3, 19, 2, 91
2, 18, 2, 86
2, 18, 2, 83
2, 17, 2, 80
1, 16, 2, 79
1, 16, 2, 78
1, 15, 2, 75
0, 14, 2, 70
0, 14, 2, 67
0, 13, 2, 64
3, 12, 2, 56
3, 12, 2, 52
3, 11, 2, 49
2, 10, 2, 46
2, 10, 2, 44
2, 9, 2, 41
1, 8, 2, 35
1, 8, 2, 32
1, 7, 2, 29
2, 6, 2, 28
3, 6, 2, 27
3, 6, 2, 26
3, 6, 1, 23
2, 6, 0, 22
2, 6, 0, 21
2, 5, 0, 18
1, 4, 0, 16
1, 4, 0, 15
1, 3, 0, 12
0, 2, 0, 7
0, 2, 0, 4
0, 1, 0, 1
1, 28, 8, 134
1, 28, 8, 133
1, 27, 8, 127
1, 27, 7, 124
0, 27, 6, 123
0, 27, 6, 122
0, 26, 6, 119
3, 25, 6, 116
3, 25, 6, 114
3, 24, 6, 111
2, 23, 6, 105
2, 23, 6, 102
2, 22, 6, 99
1, 21, 6, 95
1, 21, 6, 93
1, 20, 6, 90
1, 19, 6, 86
1, 19, 5, 83
0, 19, 4, 81
0, 19, 4, 80
0, 18, 4, 77
0, 17, 4, 72
3, 17, 3, 71
3, 17, 3, 70
3, 16, 3, 67
3, 15, 3, 66
3, 15, 2, 63
2, 15, 1, 60
2, 15, 1, 58
2, 14, 1, 55
1, 13, 1, 51
1, 13, 1, 49
1, 12, 1, 46
0, 11, 1, 43
0, 11, 1, 41
0, 10, 1, 38
3, 9, 1, 36
3, 9, 1, 35
3, 8, 1, 32
2, 7, 1, 30
2, 7, 1, 29
2, 6, 1, 26
1, 5, 1, 20
1, 5, 1, 17
1, 4, 1, 14
1, 3, 1, 13
2, 3, 0, 9
2, 3, 0, 7
3, 2, 0, 5
3, 2, 0, 4
0, 1, 0, 2
0, 1, 0, 1
1, 57, 38, 407
1, 57, 38, 406
2, 56, 38, 403
2, 56, 38, 401
3, 55, 38, 393
0, 55, 38, 389
0, 55, 38, 385
1, 55, 37, 384
2, 55, 37, 383
2, 55, 37, 382
3, 55, 36, 381
0, 55, 36, 380
0, 55, 36, 379
1, 55, 35, 374
2, 55, 35, 371
2, 55, 35, 368
2, 55, 34, 365
1, 55, 33, 364
1, 55, 33, 363
2, 56, 33, 362
3, 56, 33, 361
3, 56, 33, 360
3, 56, 32, 357
2, 56, 31, 356
2, 56, 31, 355
2, 55, 31, 352
3, 54, 31, 347
0, 54, 31, 344
0, 54, 31, 341
0, 54, 30, 338
3, 54, 29, 335
3, 54, 29, 333
3, 53, 29, 330
2, 52, 29, 327
2, 52, 29, 325
2, 51, 29, 322
3, 50, 29, 319
0, 50, 29, 317
0, 50, 29, 315
0, 50, 28, 312
1, 50, 27, 311
2, 50, 27, 310
2, 50, 27, 309
2, 50, 26, 306
3, 50, 25, 303
0, 50, 25, 301
0, 50, 25, 299
0, 50, 24, 296
3, 50, 23, 295
3, 50, 23, 294
3, 49, 23, 291
2, 48, 23, 282
2, 48, 23, 277
2, 47, 23, 274
3, 46, 23, 273
0, 46, 23, 272
0, 46, 23, 271
0, 46, 22, 268
3, 46, 21, 267
3, 46, 21, 266
3, 45, 21, 263
0, 44, 21, 262
1, 44, 21, 261
1, 44, 21, 260
1, 44, 20, 257
2, 44, 19, 251
3, 44, 19, 248
3, 44, 19, 245
3, 44, 18, 242
0, 44, 17, 241
1, 44, 17, 240
1, 44, 17, 239
1, 44, 16, 236
2, 44, 15, 235
3, 44, 15, 234
3, 44, 15, 233
3, 44, 14, 230
0, 44, 13, 227
1, 44, 13, 225
1, 44, 13, 223
1, 44, 12, 220
2, 44, 11, 213
3, 44, 11, 209
3, 44, 11, 205
3, 44, 10, 202
2, 44, 9, 199
2, 44, 9, 197
2, 43, 9, 194
1, 42, 9, 193
1, 42, 9, 192
1, 41, 9, 189
0, 40, 9, 188
0, 40, 9, 187
0, 39, 9, 184
1, 38, 9, 182
1, 38, 9, 181
0, 37, 9, 180
0, 37, 9, 179
0, 36, 9, 176
3, 35, 9, 175
3, 35, 9, 174
3, 34, 9, 171
2, 33, 9, 170
2, 33, 9, 169
2, 32, 9, 166
3, 31, 9, 165
3, 31, 9, 164
0, 30, 9, 163
1, 30, 9, 162
1, 30, 9, 161
0, 30, 8, 160
0, 30, 8, 159
0, 29, 8, 156
1, 28, 8, 153
2, 28, 8, 151
2, 28, 8, 149
2, 28, 7, 146
3, 28, 6, 145
0, 28, 6, 144
0, 28, 6, 143
0, 28, 5, 140
3, 28, 4, 136
3, 28, 4, 134
3, 27, 4, 131
2, 26, 4, 130
2, 26, 4, 129
2, 25, 4, 126
1, 24, 4, 123
1, 24, 4, 121
1, 23, 4, 118
0, 22, 4, 116
0, 22, 4, 115
0, 21, 4, 112
3, 20, 4, 106
3, 20, 4, 103
3, 19, 4, 100
2, 18, 4, 96
2, 18, 4, 94
2, 17, 4, 91
1, 16, 4, 88
1, 16, 4, 86
1, 15, 4, 83
0, 14, 4, 78
0, 14, 4, 75
0, 13, 4, 72
3, 12, 4, 68
3, 12, 4, 66
3, 11, 4, 63
2, 10, 4, 60
2, 10, 4, 58
2, 9, 4, 55
3, 8, 4, 48
3, 8, 4, 44
2, 7, 4, 43
2, 7, 4, 42
2, 6, 4, 39
3, 5, 4, 38
0, 5, 4, 37
0, 5, 4, 36
0, 5, 3, 33
3, 5, 2, 32
3, 5, 2, 31
3, 4, 2, 28
0, 3, 2, 25
1, 3, 2, 23
1, 3, 2, 21
1, 3, 1, 18
0, 3, 0, 14
0, 3, 0, 12
0, 2, 0, 9
3, 1, 0, 8
3, 1, 0, 7
3, 0, 0, 4
2, 1, 0, 2
2, 1, 0, 1
3, 40, 57, 408
3, 40, 57, 407
3, 39, 57, 404
0, 38, 57, 399
1, 38, 57, 396
1, 38, 57, 393
1, 38, 56, 390
2, 38, 55, 387
3, 38, 55, 385
3, 38, 55, 383
3, 38, 54, 380
0, 38, 53, 379
1, 38, 53, 378
1, 38, 53, 377
1, 38, 52, 374
2, 38, 51, 372
3, 38, 51, 371
3, 38, 51, 370
3, 38, 50, 367
0, 38, 49, 361
1, 38, 49, 358
1, 38, 49, 355
1, 38, 48, 352
2, 38, 47, 351
3, 38, 47, 350
3, 38, 47, 349
3, 38, 46, 346
2, 38, 45, 342
2, 38, 45, 340
2, 37, 45, 337
1, 36, 45, 333
1, 36, 45, 331
1, 35, 45, 328
2, 34, 45, 327
3, 34, 45, 326
3, 34, 45, 325
3, 34, 44, 322
0, 34, 43, 318
1, 34, 43, 316
1, 34, 43, 314
1, 34, 42, 311
2, 34, 41, 310
3, 34, 41, 309
3, 34, 41, 308
3, 34, 40, 305
0, 34, 39, 303
1, 34, 39, 302
1, 34, 39, 301
1, 34, 38, 298
0, 34, 37, 296
0, 34, 37, 295
0, 33, 37, 292
1, 32, 37, 289
2, 32, 37, 287
2, 32, 37, 285
2, 32, 36, 282
1, 32, 35, 278
1, 32, 35, 276
1, 31, 35, 273
2, 30, 35, 272
3, 30, 35, 271
3, 30, 35, 270
3, 30, 34, 267
2, 30, 33, 266
2, 30, 33, 265
2, 29, 33, 262
3, 28, 33, 259
0, 28, 33, 257
0, 28, 33, 255
0, 28, 32, 252
1, 28, 31, 249
2, 28, 31, 247
2, 28, 31, 245
2, 28, 30, 242
1, 28, 29, 240
1, 28, 29, 239
1, 27, 29, 236
0, 26, 29, 234
0, 26, 29, 233
0, 25, 29, 230
3, 24, 29, 221
3, 24, 29, 216
3, 23, 29, 213
2, 22, 29, 212
2, 22, 29, 211
2, 21, 29, 208
3, 20, 29, 206
0, 20, 29, 205
0, 20, 29, 204
0, 20, 28, 201
1, 20, 27, 197
2, 20, 27, 195
2, 20, 27, 193
2, 20, 26, 190
3, 20, 25, 189
0, 20, 25, 188
0, 20, 25, 187
0, 20, 24, 184
3, 20, 23, 182
3, 20, 23, 181
3, 19, 23, 178
2, 18, 23, 175
2, 18, 23, 173
2, 17, 23, 170
1, 16, 23, 166
1, 16, 23, 164
1, 15, 23, 161
0, 14, 23, 159
0, 14, 23, 158
0, 13, 23, 155
3, 12, 23, 154
3, 12, 23, 153
3, 11, 23, 150
0, 10, 23, 148
0, 10, 23, 147
1, 9, 23, 146
2, 9, 23, 145
2, 9, 23, 144
3, 9, 22, 142
0, 9, 22, 141
0, 9, 22, 140
0, 9, 21, 137
3, 9, 20, 136
3, 9, 20, 135
3, 8, 20, 132
2, 7, 20, 130
2, 7, 20, 129
2, 6, 20, 126
1, 5, 20, 125
1, 5, 20, 124
1, 4, 20, 121
2, 3, 20, 116
3, 3, 20, 113
3, 3, 20, 110
3, 3, 19, 107
0, 3, 18, 106
1, 3, 18, 105
1, 3, 18, 104
1, 3, 17, 101
2, 3, 16, 100
3, 3, 16, 99
3, 3, 16, 98
3, 3, 15, 95
0, 3, 14, 92
1, 3, 14, 90
1, 3, 14, 88
1, 3, 13, 85
2, 3, 12, 82
3, 3, 12, 80
3, 3, 12, 78
3, 3, 11, 75
0, 3, 10, 72
1, 3, 10, 70
1, 3, 10, 68
1, 3, 9, 65
0, 3, 8, 61
0, 3, 8, 59
0, 2, 8, 56
1, 1, 8, 55
2, 1, 8, 54
2, 1, 8, 53
2, 1, 7, 50
1, 1, 6, 43
1, 1, 6, 39
1, 0, 6, 36
2, 1, 6, 35
3, 1, 6, 34
3, 1, 6, 33
3, 1, 5, 30
0, 1, 4, 26
1, 1, 4, 24
1, 1, 4, 22
1, 1, 3, 19
2, 1, 2, 16
3, 1, 2, 14
3, 1, 2, 12
3, 1, 1, 9
2, 1, 0, 4
2, 1, 0, 1
3, 36, 2, 179
3, 36, 2, 178
3, 35, 2, 175
2, 34, 2, 173
2, 34, 2, 172
2, 33, 2, 169
1, 32, 2, 166
1, 32, 2, 164
1, 31, 2, 161
0, 30, 2, 156
0, 30, 2, 153
0, 29, 2, 150
3, 28, 2, 148
3, 28, 2, 147
3, 27, 2, 144
2, 26, 2, 138
2, 26, 2, 135
2, 25, 2, 132
1, 24, 2, 125
1, 24, 2, 121
1, 23, 2, 118
0, 22, 2, 112
0, 22, 2, 109
0, 21, 2, 106
3, 20, 2, 98
3, 20, 2, 94
3, 19, 2, 91
2, 18, 2, 86
2, 18, 2, 83
2, 17, 2, 80
1, 16, 2, 79
1, 16, 2, 78
1, 15, 2, 75
0, 14, 2, 70
0, 14, 2, 67
0, 13, 2, 64
3, 12, 2, 56
3, 12, 2, 52
3, 11, 2, 49
2, 10, 2, 46
2, 10, 2, 44
2, 9, 2, 41
1, 8, 2, 35
1, 8, 2, 32
1, 7, 2, 29
2, 6, 2, 28
3, 6, 2, 27
3, 6, 2, 26
3, 6, 1, 23
2, 6, 0, 22
2, 6, 0, 21
2, 5, 0, 18
1, 4, 0, 16
1, 4, 0, 15
1, 3, 0, 12
0, 2, 0, 7
0, 2, 0, 4
0, 1, 0, 1
1, 28, 8, 134
1, 28, 8, 133
1, 27, 8, 127
1, 27, 7, 124
0, 27, 6, 123
0, 27, 6, 122
0, 26, 6, 119
3, 25, 6, 116
3, 25, 6, 114
3, 24, 6, 111
2, 23, 6, 105
2, 23, 6, 102
2, 22, 6, 99
1, 21, 6, 95
1, 21, 6, 93
1, 20, 6, 90
1, 19, 6, 86
1, 19, 5, 83
0, 19, 4, 81
0, 19, 4, 80
0, 18, 4, 77
0, 17, 4, 72
3, 17, 3, 71
3, 17, 3, 70
3, 16, 3, 67
3, 15, 3, 66
3, 15, 2, 63
2, 15, 1, 60
2, 15, 1, 58
2, 14, 1, 55
1, 13, 1, 51
1, 13, 1, 49
1, 12, 1, 46
0, 11, 1, 43
0, 11, 1, 41
0, 10, 1, 38
3, 9, 1, 36
3, 9, 1, 35
3, 8, 1, 32
2, 7, 1, 30
2, 7, 1, 29
2, 6, 1, 26
1, 5, 1, 20
1, 5, 1, 17
1, 4, 1, 14
1, 3, 1, 13
2, 3, 0, 9
2, 3, 0, 7
3, 2, 0, 5
3, 2, 0, 4
0, 1, 0, 2
0, 1, 0, 1
0, 38, 68, 335
0, 38, 67, 332
0, 38, 66, 331
0, 38, 65, 328
0, 38, 64, 326
0, 38, 63, 323
0, 38, 62, 320
0, 38, 61, 317
3, 38, 60, 315
3, 38, 60, 314
3, 37, 60, 311
3, 36, 60, 309
3, 36, 59, 306
2, 36, 58, 303
2, 36, 58, 301
2, 35, 58, 298
2, 34, 58, 297
2, 34, 57, 294
1, 34, 56, 293
1, 34, 56, 292
1, 33, 56, 289
1, 32, 56, 284
1, 32, 55, 281
1, 32, 54, 277
1, 32, 53, 274
0, 32, 52, 268
0, 32, 52, 265
0, 31, 52, 262
0, 30, 52, 260
0, 30, 51, 257
0, 30, 50, 252
0, 30, 49, 249
3, 30, 48, 248
3, 30, 48, 247
3, 29, 48, 244
3, 28, 48, 242
3, 28, 47, 239
2, 28, 46, 237
2, 28, 46, 236
2, 27, 46, 233
2, 26, 46, 229
2, 26, 45, 226
2, 26, 44, 225
2, 26, 43, 222
2, 26, 42, 221
2, 26, 41, 218
1, 26, 40, 217
1, 26, 40, 216
1, 25, 40, 213
1, 24, 40, 211
1, 24, 39, 208
1, 24, 38, 204
1, 24, 37, 201
1, 24, 36, 200
1, 24, 35, 197
0, 24, 34, 194
0, 24, 34, 192
0, 23, 34, 189
0, 22, 34, 187
0, 22, 33, 184
0, 22, 32, 183
0, 22, 31, 180
0, 22, 30, 177
0, 22, 29, 174
0, 22, 28, 172
0, 22, 27, 169
0, 22, 26, 167
0, 22, 25, 164
3, 22, 24, 162
3, 22, 24, 161
3, 21, 24, 158
2, 20, 24, 156
2, 20, 24, 155
2, 19, 24, 152
2, 18, 24, 150
2, 18, 23, 147
1, 18, 22, 144
1, 18, 22, 142
1, 17, 22, 139
1, 16, 22, 138
1, 16, 21, 135
1, 16, 20, 127
1, 16, 19, 124
0, 16, 18, 122
0, 16, 18, 121
0, 15, 18, 118
0, 14, 18, 116
0, 14, 17, 113
0, 14, 16, 112
0, 14, 15, 109
0, 14, 14, 101
0, 14, 13, 98
0, 14, 12, 93
3, 14, 11, 92
3, 14, 11, 91
3, 13, 11, 88
3, 12, 11, 87
3, 12, 10, 84
3, 12, 9, 80
3, 12, 8, 79
3, 12, 7, 76
3, 12, 6, 75
3, 12, 5, 72
3, 12, 4, 70
3, 12, 3, 67
2, 12, 2, 66
2, 12, 2, 65
2, 11, 2, 62
1, 10, 2, 59
1, 10, 2, 57
1, 9, 2, 54
0, 8, 2, 52
0, 8, 2, 51
0, 7, 2, 48
3, 6, 2, 45
3, 6, 2, 43
3, 5, 2, 40
2, 4, 2, 31
2, 4, 2, 26
2, 3, 2, 23
2, 2, 2, 21
2, 2, 1, 18
1, 2, 0, 9
1, 2, 0, 4
1, 1, 0, 1
1, 57, 38, 407
1, 57, 38, 406
2, 56, 38, 403
2, 56, 38, 401
3, 55, 38, 393
0, 55, 38, 389
0, 55, 38, 385
1, 55, 37, 384
2, 55, 37, 383
2, 55, 37, 382
3, 55, 36, 381
0, 55, 36, 380
0, 55, 36, 379
1, 55, 35, 374
2, 55, 35, 371
2, 55, 35, 368
2, 55, 34, 365
1, 55, 33, 364
1, 55, 33, 363
2, 56, 33, 362
3, 56, 33, 361
3, 56, 33, 360
3, 56, 32, 357
2, 56, 31, 356
2, 56, 31, 355
2, 55, 31, 352
3, 54, 31, 347
0, 54, 31, 344
0, 54, 31, 341
0, 54, 30, 338
3, 54, 29, 335
3, 54, 29, 333
3, 53, 29, 330
2, 52, 29, 327
2, 52, 29, 325
2, 51, 29, 322
3, 50, 29, 319
0, 50, 29, 317
0, 50, 29, 315
0, 50, 28, 312
1, 50, 27, 311
2, 50, 27, 310
2, 50, 27, 309
2, 50, 26, 306
3, 50, 25, 303
0, 50, 25, 301
0, 50, 25, 299
0, 50, 24, 296
3, 50, 23, 295
3, 50, 23, 294
3, 49, 23, 291
2, 48, 23, 282
2, 48, 23, 277
2, 47, 23, 274
3, 46, 23, 273
0, 46, 23, 272
0, 46, 23, 271
0, 46, 22, 268
3, 46, 21, 267
3, 46, 21, 266
3, 45, 21, 263
0, 44, 21, 262
1, 44, 21, 261
1, 44, 21, 260
1, 44, 20, 257
2, 44, 19, 251
3, 44, 19, 248
3, 44, 19, 245
3, 44, 18, 242
0, 44, 17, 241
1, 44, 17, 240
1, 44, 17, 239
1, 44, 16, 236
2, 44, 15, 235
3, 44, 15, 234
3, 44, 15, 233
3, 44, 14, 230
0, 44, 13, 227
1, 44, 13, 225
1, 44, 13, 223
1, 44, 12, 220
2, 44, 11, 213
3, 44, 11, 209
3, 44, 11, 205
3, 44, 10, 202
2, 44, 9, 199
2, 44, 9, 197
2, 43, 9, 194
1, 42, 9, 193
1, 42, 9, 192
1, 41, 9, 189
0, 40, 9, 188
0, 40, 9, 187
0, 39, 9, 184
1, 38, 9, 182
1, 38, 9, 181
0, 37, 9, 180
0, 37, 9, 179
0, 36, 9, 176
3, 35, 9, 175
3, 35, 9, 174
3, 34, 9, 171
2, 33, 9, 170
2, 33, 9, 169
2, 32, 9, 166
3, 31, 9, 165
3, 31, 9, 164
0, 30, 9, 163
1, 30, 9, 162
1, 30, 9, 161
0, 30, 8, 160
0, 30, 8, 159
0, 29, 8, 156
1, 28, 8, 153
2, 28, 8, 151
2, 28, 8, 149
2, 28, 7, 146
3, 28, 6, 145
0, 28, 6, 144
0, 28, 6, 143
0, 28, 5, 140
3, 28, 4, 136
3, 28, 4, 134
3, 27, 4, 131
2, 26, 4, 130
2, 26, 4, 129
2, 25, 4, 126
1, 24, 4, 123
1, 24, 4, 121
1, 23, 4, 118
0, 22, 4, 116
0, 22, 4, 115
0, 21, 4, 112
3, 20, 4, 106
3, 20, 4, 103
3, 19, 4, 100
2, 18, 4, 96
2, 18, 4, 94
2, 17, 4, 91
1, 16, 4, 88
1, 16, 4, 86
1, 15, 4, 83
0, 14, 4, 78
0, 14, 4, 75
0, 13, 4, 72
3, 12, 4, 68
3, 12, 4, 66
3, 11, 4, 63
2, 10, 4, 60
2, 10, 4, 58
2, 9, 4, 55
3, 8, 4, 48
3, 8, 4, 44
2, 7, 4, 43
2, 7, 4, 42
2, 6, 4, 39
3, 5, 4, 38
0, 5, 4, 37
0, 5, 4, 36
0, 5, 3, 33
3, 5, 2, 32
3, 5, 2, 31
3, 4, 2, 28
0, 3, 2, 25
1, 3, 2, 23
1, 3, 2, 21
1, 3, 1, 18
0, 3, 0, 14
0, 3, 0, 12
0, 2, 0, 9
3, 1, 0, 8
3, 1, 0, 7
3, 0, 0, 4
2, 1, 0, 2
2, 1, 0, 1
3, 40, 57, 408
3, 40, 57, 407
3, 39, 57, 404
0, 38, 57, 399
1, 38, 57, 396
1, 38, 57, 393
1, 38, 56, 390
2, 38, 55, 387
3, 38, 55, 385
3, 38, 55, 383
3, 38, 54, 380
0, 38, 53, 379
1, 38, 53, 378
1, 38, 53, 377
1, 38, 52, 374
2, 38, 51, 372
3, 38, 51, 371
3, 38, 51, 370
3, 38, 50, 367
0, 38, 49, 361
1, 38, 49, 358
1, 38, 49, 355
1, 38, 48, 352
2, 38, 47, 351
3, 38, 47, 350
3, 38, 47, 349
3, 38, 46, 346
2, 38, 45, 342
2, 38, 45, 340
2, 37, 45, 337
1, 36, 45, 333
1, 36, 45, 331
1, 35, 45, 328
2, 34, 45, 327
3, 34, 45, 326
3, 34, 45, 325
3, 34, 44, 322
0, 34, 43, 318
1, 34, 43, 316
1, 34, 43, 314
1, 34, 42, 311
2, 34, 41, 310
3, 34, 41, 309
3, 34, 41, 308
3, 34, 40, 305
0, 34, 39, 303
1, 34, 39, 302
1, 34, 39, 301
1, 34, 38, 298
0, 34, 37, 296
0, 34, 37, 295
0, 33, 37, 292
1, 32, 37, 289
2, 32, 37, 287
2, 32, 37, 285
2, 32, 36, 282
1, 32, 35, 278
1, 32, 35, 276
1, 31, 35, 273
2, 30, 35, 272
3, 30, 35, 271
3, 30, 35, 270
3, 30, 34, 267
2, 30, 33, 266
2, 30, 33, 265
2, 29, 33, 262
3, 28, 33, 259
0, 28, 33, 257
0, 28, 33, 255
0, 28, 32, 252
1, 28, 31, 249
2, 28, 31, 247
2, 28, 31, 245
2, 28, 30, 242
1, 28, 29, 240
1, 28, 29, 239
1, 27, 29, 236
0, 26, 29, 234
0, 26, 29, 233
0, 25, 29, 230
3, 24, 29, 221
3, 24, 29, 216
3, 23, 29, 213
2, 22, 29, 212
2, 22, 29, 211
2, 21, 29, 208
3, 20, 29, 206
0, 20, 29, 205
0, 20, 29, 204
0, 20, 28, 201
1, 20, 27, 197
2, 20, 27, 195
2, 20, 27, 193
2, 20, 26, 190
3, 20, 25, 189
0, 20, 25, 188
0, 20, 25, 187
0, 20, 24, 184
3, 20, 23, 182
3, 20, 23, 181
3, 19, 23, 178
2, 18, 23, 175
2, 18, 23, 173
2, 17, 23, 170
1, 16, 23, 166
1, 16, 23, 164
1, 15, 23, 161
0, 14, 23, 159
0, 14, 23, 158
0, 13, 23, 155
3, 12, 23, 154
3, 12, 23, 153
3, 11, 23, 150
0, 10, 23, 148
0, 10, 23, 147
1, 9, 23, 146
2, 9, 23, 145
2, 9, 23, 144
3, 9, 22, 142
0, 9, 22, 141
0, 9, 22, 140
0, 9, 21, 137
3, 9, 20, 136
3, 9, 20, 135
3, 8, 20, 132
2, 7, 20, 130
2, 7, 20, 129
2, 6, 20, 126
1, 5, 20, 125
1, 5, 20, 124
1, 4, 20, 121
2, 3, 20, 116
3, 3, 20, 113
3, 3, 20, 110
3, 3, 19, 107
0, 3, 18, 106
1, 3, 18, 105
1, 3, 18, 104
1, 3, 17, 101
2, 3, 16, 100
3, 3, 16, 99
3, 3, 16, 98
3, 3, 15, 95
0, 3, 14, 92
1, 3, 14, 90
1, 3, 14, 88
1, 3, 13, 85
2, 3, 12, 82
3, 3, 12, 80
3, 3, 12, 78
3, 3, 11, 75
0, 3, 10, 72
1, 3, 10, 70
1, 3, 10, 68
1, 3, 9, 65
0, 3, 8, 61
0, 3, 8, 59
0, 2, 8, 56
1, 1, 8, 55
2, 1, 8, 54
2, 1, 8, 53
2, 1, 7, 50
1, 1, 6, 43
1, 1, 6, 39
1, 0, 6, 36
2, 1, 6, 35
3, 1, 6, 34
3, 1, 6, 33
3, 1, 5, 30
0, 1, 4, 26
1, 1, 4, 24
1, 1, 4, 22
1, 1, 3, 19
2, 1, 2, 16
3, 1, 2, 14
3, 1, 2, 12
3, 1, 1, 9
2, 1, 0, 4
2, 1, 0, 1
3, 36, 2, 179
3, 36, 2, 178
3, 35, 2, 175
2, 34, 2, 173
2, 34, 2, 172
2, 33, 2, 169
1, 32, 2, 166
1, 32, 2, 164
1, 31, 2, 161
0, 30, 2, 156
0, 30, 2, 153
0, 29, 2, 150
3, 28, 2, 148
3, 28, 2, 147
3, 27, 2, 144
2, 26, 2, 138
2, 26, 2, 135
2, 25, 2, 132
1, 24, 2, 125
1, 24, 2, 121
1, 23, 2, 118
0, 22, 2, 112
0, 22, 2, 109
0, 21, 2, 106
3, 20, 2, 98
3, 20, 2, 94
3, 19, 2, 91
2, 18, 2, 86
2, 18, 2, 83
2, 17, 2, 80
1, 16, 2, 79
1, 16, 2, 78
1, 15, 2, 75
0, 14, 2, 70
0, 14, 2, 67
0, 13, 2, 64
3, 12, 2, 56
3, 12, 2, 52
3, 11, 2, 49
2, 10, 2, 46
2, 10, 2, 44
2, 9, 2, 41
1, 8, 2, 35
1, 8, 2, 32
1, 7, 2, 29
2, 6, 2, 28
3, 6, 2, 27
3, 6, 2, 26
3, 6, 1, 23
2, 6, 0, 22
2, 6, 0, 21
2, 5, 0, 18
1, 4, 0, 16
1, 4, 0, 15
1, 3, 0, 12
0, 2, 0, 7
0, 2, 0, 4
0, 1, 0, 1
1, 28, 8, 134
1, 28, 8, 133
1, 27, 8, 127
1, 27, 7, 124
0, 27, 6, 123
0, 27, 6, 122
0, 26, 6, 119
3, 25, 6, 116
3, 25, 6, 114
3, 24, 6, 111
2, 23, 6, 105
2, 23, 6, 102
2, 22, 6, 99
1, 21, 6, 95
1, 21, 6, 93
1, 20, 6, 90
1, 19, 6, 86
1, 19, 5, 83
0, 19, 4, 81
0, 19, 4, 80
0, 18, 4, 77
0, 17, 4, 72
3, 17, 3, 71
3, 17, 3, 70
3, 16, 3, 67
3, 15, 3, 66
3, 15, 2, 63
2, 15, 1, 60
2, 15, 1, 58
2, 14, 1, 55
1, 13, 1, 51
1, 13, 1, 49
1, 12, 1, 46
0, 11, 1, 43
0, 11, 1, 41
0, 10, 1, 38
3, 9, 1, 36
3, 9, 1, 35
3, 8, 1, 32
2, 7, 1, 30
2, 7, 1, 29
2, 6, 1, 26
1, 5, 1, 20
1, 5, 1, 17
1, 4, 1, 14
1, 3, 1, 13
2, 3, 0, 9
2, 3, 0, 7
3, 2, 0, 5
3, 2, 0, 4
0, 1, 0, 2
0, 1, 0, 1
0, 38, 68, 335
0, 38, 67, 332
0, 38, 66, 331
0, 38, 65, 328
0, 38, 64, 326
0, 38, 63, 323
0, 38, 62, 320
0, 38, 61, 317
3, 38, 60, 315
3, 38, 60, 314
3, 37, 60, 311
3, 36, 60, 309
3, 36, 59, 306
2, 36, 58, 303
2, 36, 58, 301
2, 35, 58, 298
2, 34, 58, 297
2, 34, 57, 294
1, 34, 56, 293
1, 34, 56, 292
1, 33, 56, 289
1, 32, 56, 284
1, 32, 55, 281
1, 32, 54, 277
1, 32, 53, 274
0, 32, 52, 268
0, 32, 52, 265
0, 31, 52, 262
0, 30, 52, 260
0, 30, 51, 257
0, 30, 50, 252
0, 30, 49, 249
3, 30, 48, 248
3, 30, 48, 247
3, 29, 48, 244
3, 28, 48, 242
3, 28, 47, 239
2, 28, 46, 237
2, 28, 46, 236
2, 27, 46, 233
2, 26, 46, 229
2, 26, 45, 226
2, 26, 44, 225
2, 26, 43, 222
2, 26, 42, 221
2, 26, 41, 218
1, 26, 40, 217
1, 26, 40, 216
1, 25, 40, 213
1, 24, 40, 211
1, 24, 39, 208
1, 24, 38, 204
1, 24, 37, 201
1, 24, 36, 200
1, 24, 35, 197
0, 24, 34, 194
0, 24, 34, 192
0, 23, 34, 189
0, 22, 34, 187
0, 22, 33, 184
0, 22, 32, 183
0, 22, 31, 180
0, 22, 30, 177
0, 22, 29, 174
0, 22, 28, 172
0, 22, 27, 169
0, 22, 26, 167
0, 22, 25, 164
3, 22, 24, 162
3, 22, 24, 161
3, 21, 24, 158
2, 20, 24, 156
2, 20, 24, 155
2, 19, 24, 152
2, 18, 24, 150
2, 18, 23, 147
1, 18, 22, 144
1, 18, 22, 142
1, 17, 22, 139
1, 16, 22, 138
1, 16, 21, 135
1, 16, 20, 127
1, 16, 19, 124
0, 16, 18, 122
0, 16, 18, 121
0, 15, 18, 118
0, 14, 18, 116
0, 14, 17, 113
0, 14, 16, 112
0, 14, 15, 109
0, 14, 14, 101
0, 14, 13, 98
0, 14, 12, 93
3, 14, 11, 92
3, 14, 11, 91
3, 13, 11, 88
3, 12, 11, 87
3, 12, 10, 84
3, 12, 9, 80
3, 12, 8, 79
3, 12, 7, 76
3, 12, 6, 75
3, 12, 5, 72
3, 12, 4, 70
3, 12, 3, 67
2, 12, 2, 66
2, 12, 2, 65
2, 11, 2, 62
1, 10, 2, 59
1, 10, 2, 57
1, 9, 2, 54
0, 8, 2, 52
0, 8, 2, 51
0, 7, 2, 48
3, 6, 2, 45
3, 6, 2, 43
3, 5, 2, 40
2, 4, 2, 31
2, 4, 2, 26
2, 3, 2, 23
2, 2, 2, 21
2, 2, 1, 18
1, 2, 0, 9
1, 2, 0, 4
1, 1, 0, 1
3, 37, 60, 328
3, 37, 60, 327
3, 36, 60, 325
3, 36, 59, 322
3, 36, 58, 321
3, 36, 57, 318
3, 36, 56, 310
3, 36, 55, 307
3, 36, 54, 305
3, 36, 53, 302
3, 36, 52, 300
3, 36, 51, 297
3, 36, 50, 292
3, 36, 49, 289
3, 36, 48, 286
3, 36, 47, 283
3, 36, 46, 275
3, 36, 45, 272
3, 36, 44, 269
3, 36, 43, 266
3, 36, 42, 265
3, 36, 41, 262
3, 36, 40, 256
3, 36, 39, 253
2, 36, 38, 252
2, 36, 38, 251
2, 35, 38, 246
2, 35, 37, 243
2, 35, 36, 238
2, 35, 35, 235
1, 35, 34, 234
1, 35, 34, 233
1, 34, 34, 229
0, 34, 33, 228
0, 34, 33, 227
0, 33, 33, 224
3, 32, 33, 222
3, 32, 33, 221
3, 31, 33, 218
3, 30, 33, 217
3, 30, 32, 214
2, 30, 31, 211
2, 30, 31, 209
2, 29, 31, 208
2, 29, 30, 205
2, 29, 29, 202
2, 29, 28, 199
2, 29, 27, 195
2, 29, 26, 192
2, 29, 25, 190
2, 29, 24, 187
1, 29, 23, 186
1, 29, 23, 185
1, 28, 23, 182
0, 27, 23, 181
0, 27, 23, 180
0, 26, 23, 177
0, 25, 23, 174
0, 25, 22, 171
0, 25, 21, 168
3, 25, 20, 165
3, 25, 20, 163
3, 24, 20, 160
2, 23, 20, 158
2, 23, 20, 157
2, 22, 20, 156
2, 22, 19, 153
1, 22, 18, 151
1, 22, 18, 150
1, 21, 18, 146
1, 21, 17, 143
1, 21, 16, 140
1, 21, 15, 137
0, 21, 14, 136
0, 21, 14, 135
3, 20, 14, 134
3, 20, 14, 133
3, 19, 14, 130
2, 18, 14, 129
2, 18, 14, 128
2, 17, 14, 125
1, 16, 14, 117
1, 16, 14, 113
1, 15, 14, 110
0, 14, 14, 106
0, 14, 14, 104
0, 13, 14, 101
3, 12, 14, 98
3, 12, 14, 96
3, 11, 14, 93
2, 10, 14, 90
2, 10, 14, 88
2, 9, 14, 85
1, 8, 14, 82
1, 8, 14, 80
1, 7, 14, 77
0, 6, 14, 69
0, 6, 14, 65
0, 5, 14, 62
3, 4, 14, 61
3, 4, 14, 60
3, 3, 14, 57
2, 2, 14, 54
2, 2, 14, 52
2, 1, 14, 50
2, 1, 13, 47
2, 1, 12, 43
2, 1, 11, 40
1, 1, 10, 38
1, 1, 10, 37
1, 0, 10, 34
1, 0, 9, 31
1, 0, 8, 25
1, 0, 7, 22
1, 0, 6, 18
1, 0, 5, 15
1, 0, 4, 14
1, 0, 3, 11
1, 0, 2, 4
1, 0, 1, 1
1, 3, 47, 177
1, 3, 47, 176
1, 4, 47, 175
1, 4, 46, 174
1, 4, 45, 168
1, 4, 44, 160
0, 4, 43, 157
0, 4, 43, 155
0, 3, 43, 154
0, 3, 42, 151
0, 3, 41, 143
0, 3, 40, 140
0, 3, 39, 136
0, 3, 38, 133
0, 3, 37, 132
0, 3, 36, 129
0, 3, 35, 127
0, 3, 34, 124
0, 3, 33, 120
0, 3, 32, 117
0, 3, 31, 114
0, 3, 30, 111
0, 3, 29, 110
0, 3, 28, 107
0, 3, 27, 98
0, 3, 26, 95
0, 3, 25, 93
0, 3, 24, 92
0, 3, 23, 91
0, 3, 22, 87
0, 3, 21, 82
0, 3, 20, 73
0, 3, 19, 70
0, 3, 18, 69
0, 3, 17, 66
0, 3, 16, 60
0, 3, 15, 57
0, 3, 14, 51
0, 3, 13, 48
0, 3, 12, 42
0, 3, 11, 39
0, 3, 10, 37
0, 3, 9, 34
3, 3, 8, 33
3, 3, 8, 32
2, 2, 8, 31
2, 2, 8, 30
2, 1, 8, 27
2, 1, 7, 24
1, 1, 6, 20
1, 1, 6, 18
1, 0, 6, 14
1, 0, 5, 11
1, 0, 4, 8
1, 0, 3, 5
1, 0, 2, 4
1, 0, 1, 1
1, 3, 47, 177
1, 3, 47, 176
1, 4, 47, 175
1, 4, 46, 174
1, 4, 45, 168
1, 4, 44, 160
0, 4, 43, 157
0, 4, 43, 155
0, 3, 43, 154
0, 3, 42, 151
0, 3, 41, 143
0, 3, 40, 140
0, 3, 39, 136
0, 3, 38, 133
0, 3, 37, 132
0, 3, 36, 129
0, 3, 35, 127
0, 3, 34, 124
0, 3, 33, 120
0, 3, 32, 117
0, 3, 31, 114
0, 3, 30, 111
0, 3, 29, 110
0, 3, 28, 107
0, 3, 27, 98
0, 3, 26, 95
0, 3, 25, 93
0, 3, 24, 92
0, 3, 23, 91
0, 3, 22, 87
0, 3, 21, 82
0, 3, 20, 73
0, 3, 19, 70
0, 3, 18, 69
0, 3, 17, 66
0, 3, 16, 60
0, 3, 15, 57
0, 3, 14, 51
0, 3, 13, 48
0, 3, 12, 42
0, 3, 11, 39
0, 3, 10, 37
0, 3, 9, 34
3, 3, 8, 33
3, 3, 8, 32
2, 2, 8, 31
2, 2, 8, 30
2, 1, 8, 27
2, 1, 7, 24
1, 1, 6, 20
1, 1, 6, 18
1, 0, 6, 14
1, 0, 5, 11
1, 0, 4, 8
1, 0, 3, 5
1, 0, 2, 4
1, 0, 1, 1
3, 20, 21, 125
3, 20, 21, 124
3, 19, 21, 123
3, 19, 20, 120
2, 19, 19, 119
2, 19, 19, 118
2, 18, 19, 114
2, 18, 18, 111
2, 18, 17, 107
2, 18, 16, 104
1, 18, 15, 103
1, 18, 15, 102
1, 17, 15, 99
0, 16, 15, 98
0, 16, 15, 97
0, 15, 15, 94
0, 14, 15, 90
0, 14, 14, 87
0, 14, 13, 85
0, 14, 12, 82
3, 14, 11, 77
3, 14, 11, 74
3, 13, 11, 73
3, 13, 10, 70
3, 13, 9, 67
3, 13, 8, 64
2, 13, 7, 58
2, 13, 7, 55
2, 12, 7, 54
2, 12, 6, 51
2, 12, 5, 47
2, 12, 4, 44
1, 12, 3, 43
1, 12, 3, 42
0, 11, 3, 40
0, 11, 3, 39
0, 10, 3, 36
3, 9, 3, 35
3, 9, 3, 34
3, 8, 3, 31
2, 7, 3, 29
2, 7, 3, 28
2, 6, 3, 25
2, 5, 3, 24
2, 5, 2, 21
1, 5, 1, 18
1, 5, 1, 16
1, 4, 1, 14
0, 4, 0, 13
0, 4, 0, 12
0, 3, 0, 9
3, 2, 0, 6
3, 2, 0, 4
3, 1, 0, 1
1, 3, 47, 177
1, 3, 47, 176
1, 4, 47, 175
1, 4, 46, 174
1, 4, 45, 168
1, 4, 44, 160
0, 4, 43, 157
0, 4, 43, 155
0, 3, 43, 154
0, 3, 42, 151
0, 3, 41, 143
0, 3, 40, 140
0, 3, 39, 136
0, 3, 38, 133
0, 3, 37, 132
0, 3, 36, 129
0, 3, 35, 127
0, 3, 34, 124
0, 3, 33, 120
0, 3, 32, 117
0, 3, 31, 114
0, 3, 30, 111
0, 3, 29, 110
0, 3, 28, 107
0, 3, 27, 98
0, 3, 26, 95
0, 3, 25, 93
0, 3, 24, 92
0, 3, 23, 91
0, 3, 22, 87
0, 3, 21, 82
0, 3, 20, 73
0, 3, 19, 70
0, 3, 18, 69
0, 3, 17, 66
0, 3, 16, 60
0, 3, 15, 57
0, 3, 14, 51
0, 3, 13, 48
0, 3, 12, 42
0, 3, 11, 39
0, 3, 10, 37
0, 3, 9, 34
3, 3, 8, 33
3, 3, 8, 32
2, 2, 8, 31
2, 2, 8, 30
2, 1, 8, 27
2, 1, 7, 24
1, 1, 6, 20
1, 1, 6, 18
1, 0, 6, 14
1, 0, 5, 11
1, 0, 4, 8
1, 0, 3, 5
1, 0, 2, 4
1, 0, 1, 1
3, 20, 21, 125
3, 20, 21, 124
3, 19, 21, 123
3, 19, 20, 120
2, 19, 19, 119
2, 19, 19, 118
2, 18, 19, 114
2, 18, 18, 111
2, 18, 17, 107
2, 18, 16, 104
1, 18, 15, 103
1, 18, 15, 102
1, 17, 15, 99
0, 16, 15, 98
0, 16, 15, 97
0, 15, 15, 94
0, 14, 15, 90
0, 14, 14, 87
0, 14, 13, 85
0, 14, 12, 82
3, 14, 11, 77
3, 14, 11, 74
3, 13, 11, 73
3, 13, 10, 70
3, 13, 9, 67
3, 13, 8, 64
2, 13, 7, 58
2, 13, 7, 55
2, 12, 7, 54
2, 12, 6, 51
2, 12, 5, 47
2, 12, 4, 44
1, 12, 3, 43
1, 12, 3, 42
0, 11, 3, 40
0, 11, 3, 39
0, 10, 3, 36
3, 9, 3, 35
3, 9, 3, 34
3, 8, 3, 31
2, 7, 3, 29
2, 7, 3, 28
2, 6, 3, 25
2, 5, 3, 24
2, 5, 2, 21
1, 5, 1, 18
1, 5, 1, 16
1, 4, 1, 14
0, 4, 0, 13
0, 4, 0, 12
0, 3, 0, 9
3, 2, 0, 6
3, 2, 0, 4
3, 1, 0, 1
3, 2, 91, 330
3, 2, 91, 329
3, 1, 91, 326
3, 0, 91, 323
3, 0, 90, 320
3, 0, 89, 317
3, 0, 88, 314
3, 0, 87, 309
3, 0, 86, 306
3, 0, 85, 305
3, 0, 84, 302
2, 0, 83, 295
2, 0, 83, 291
2, 1, 83, 290
2, 1, 82, 287
2, 1, 81, 283
2, 1, 80, 280
2, 1, 79, 279
2, 1, 78, 276
2, 1, 77, 274
2, 1, 76, 271
2, 1, 75, 267
2, 1, 74, 264
2, 1, 73, 262
2, 1, 72, 259
2, 1, 71, 255
2, 1, 70, 252
2, 1, 69, 249
2, 1, 68, 248
2, 1, 67, 245
1, 1, 66, 244
1, 1, 66, 243
1, 0, 66, 240
1, 1, 66, 237
1, 1, 65, 234
1, 1, 64, 233
1, 1, 63, 230
0, 1, 62, 229
0, 1, 62, 228
0, 0, 62, 224
0, 0, 61, 221
0, 0, 60, 217
0, 0, 59, 214
3, 0, 58, 212
3, 0, 58, 211
3, 1, 58, 208
3, 2, 58, 203
3, 2, 57, 200
3, 2, 56, 198
3, 2, 55, 195
3, 2, 54, 190
3, 2, 53, 187
3, 2, 52, 186
3, 2, 51, 183
3, 2, 50, 175
3, 2, 49, 172
3, 2, 48, 171
3, 2, 47, 168
3, 2, 46, 164
3, 2, 45, 161
2, 2, 44, 160
2, 2, 44, 159
2, 1, 44, 155
2, 1, 43, 152
1, 1, 42, 151
1, 1, 42, 150
1, 0, 42, 146
1, 0, 41, 143
1, 0, 40, 139
1, 0, 39, 136
1, 0, 38, 134
1, 0, 37, 131
0, 0, 36, 130
0, 0, 36, 129
0, 1, 36, 127
0, 1, 35, 124
0, 1, 34, 116
0, 1, 33, 114
0, 1, 32, 111
0, 1, 31, 109
0, 1, 30, 106
0, 1, 29, 99
0, 1, 28, 96
0, 1, 27, 94
0, 1, 26, 91
0, 1, 25, 87
0, 1, 24, 84
0, 1, 23, 81
0, 1, 22, 78
0, 1, 21, 76
0, 1, 20, 73
0, 1, 19, 70
0, 1, 18, 69
0, 1, 17, 66
0, 1, 16, 64
0, 1, 15, 61
3, 1, 14, 60
3, 1, 14, 59
3, 0, 14, 56
3, 1, 14, 55
3, 1, 13, 52
3, 1, 12, 49
3, 1, 11, 48
3, 1, 10, 45
3, 1, 9, 44
3, 1, 8, 41
3, 1, 7, 38
3, 1, 6, 35
3, 1, 5, 32
3, 1, 4, 29
2, 1, 3, 26
2, 1, 3, 24
1, 0, 3, 23
1, 0, 3, 22
1, 1, 3, 18
0, 1, 2, 17
0, 1, 2, 16
0, 2, 2, 15
0, 2, 1, 12
3, 2, 0, 7
3, 2, 0, 4
3, 1, 0, 1
1, 3, 47, 177
1, 3, 47, 176
1, 4, 47, 175
1, 4, 46, 174
1, 4, 45, 168
1, 4, 44, 160
0, 4, 43, 157
0, 4, 43, 155
0, 3, 43, 154
0, 3, 42, 151
0, 3, 41, 143
0, 3, 40, 140
0, 3, 39, 136
0, 3, 38, 133
0, 3, 37, 132
0, 3, 36, 129
0, 3, 35, 127
0, 3, 34, 124
0, 3, 33, 120
0, 3, 32, 117
0, 3, 31, 114
0, 3, 30, 111
0, 3, 29, 110
0, 3, 28, 107
0, 3, 27, 98
0, 3, 26, 95
0, 3, 25, 93
0, 3, 24, 92
0, 3, 23, 91
0, 3, 22, 87
0, 3, 21, 82
0, 3, 20, 73
0, 3, 19, 70
0, 3, 18, 69
0, 3, 17, 66
0, 3, 16, 60
0, 3, 15, 57
0, 3, 14, 51
0, 3, 13, 48
0, 3, 12, 42
0, 3, 11, 39
0, 3, 10, 37
0, 3, 9, 34
3, 3, 8, 33
3, 3, 8, 32
2, 2, 8, 31
2, 2, 8, 30
2, 1, 8, 27
2, 1, 7, 24
1, 1, 6, 20
1, 1, 6, 18
1, 0, 6, 14
1, 0, 5, 11
1, 0, 4, 8
1, 0, 3, 5
1, 0, 2, 4
1, 0, 1, 1
3, 20, 21, 125
3, 20, 21, 124
3, 19, 21, 123
3, 19, 20, 120
2, 19, 19, 119
2, 19, 19, 118
2, 18, 19, 114
2, 18, 18, 111
2, 18, 17, 107
2, 18, 16, 104
1, 18, 15, 103
1, 18, 15, 102
1, 17, 15, 99
0, 16, 15, 98
0, 16, 15, 97
0, 15, 15, 94
0, 14, 15, 90
0, 14, 14, 87
0, 14, 13, 85
0, 14, 12, 82
3, 14, 11, 77
3, 14, 11, 74
3, 13, 11, 73
3, 13, 10, 70
3, 13, 9, 67
3, 13, 8, 64
2, 13, 7, 58
2, 13, 7, 55
2, 12, 7, 54
2, 12, 6, 51
2, 12, 5, 47
2, 12, 4, 44
1, 12, 3, 43
1, 12, 3, 42
0, 11, 3, 40
0, 11, 3, 39
0, 10, 3, 36
3, 9, 3, 35
3, 9, 3, 34
3, 8, 3, 31
2, 7, 3, 29
2, 7, 3, 28
2, 6, 3, 25
2, 5, 3, 24
2, 5, 2, 21
1, 5, 1, 18
1, 5, 1, 16
1, 4, 1, 14
0, 4, 0, 13
0, 4, 0, 12
0, 3, 0, 9
3, 2, 0, 6
3, 2, 0, 4
3, 1, 0, 1
3, 2, 91, 330
3, 2, 91, 329
3, 1, 91, 326
3, 0, 91, 323
3, 0, 90, 320
3, 0, 89, 317
3, 0, 88, 314
3, 0, 87, 309
3, 0, 86, 306
3, 0, 85, 305
3, 0, 84, 302
2, 0, 83, 295
2, 0, 83, 291
2, 1, 83, 290
2, 1, 82, 287
2, 1, 81, 283
2, 1, 80, 280
2, 1, 79, 279
2, 1, 78, 276
2, 1, 77, 274
2, 1, 76, 271
2, 1, 75, 267
2, 1, 74, 264
2, 1, 73, 262
2, 1, 72, 259
2, 1, 71, 255
2, 1, 70, 252
2, 1, 69, 249
2, 1, 68, 248
2, 1, 67, 245
1, 1, 66, 244
1, 1, 66, 243
1, 0, 66, 240
1, 1, 66, 237
1, 1, 65, 234
1, 1, 64, 233
1, 1, 63, 230
0, 1, 62, 229
0, 1, 62, 228
0, 0, 62, 224
0, 0, 61, 221
0, 0, 60, 217
0, 0, 59, 214
3, 0, 58, 212
3, 0, 58, 211
3, 1, 58, 208
3, 2, 58, 203
3, 2, 57, 200
3, 2, 56, 198
3, 2, 55, 195
3, 2, 54, 190
3, 2, 53, 187
3, 2, 52, 186
3, 2, 51, 183
3, 2, 50, 175
3, 2, 49, 172
3, 2, 48, 171
3, 2, 47, 168
3, 2, 46, 164
3, 2, 45, 161
2, 2, 44, 160
2, 2, 44, 159
2, 1, 44, 155
2, 1, 43, 152
1, 1, 42, 151
1, 1, 42, 150
1, 0, 42, 146
1, 0, 41, 143
1, 0, 40, 139
1, 0, 39, 136
1, 0, 38, 134
1, 0, 37, 131
0, 0, 36, 130
0, 0, 36, 129
0, 1, 36, 127
0, 1, 35, 124
0, 1, 34, 116
0, 1, 33, 114
0, 1, 32, 111
0, 1, 31, 109
0, 1, 30, 106
0, 1, 29, 99
0, 1, 28, 96
0, 1, 27, 94
0, 1, 26, 91
0, 1, 25, 87
0, 1, 24, 84
0, 1, 23, 81
0, 1, 22, 78
0, 1, 21, 76
0, 1, 20, 73
0, 1, 19, 70
0, 1, 18, 69
0, 1, 17, 66
0, 1, 16, 64
0, 1, 15, 61
3, 1, 14, 60
3, 1, 14, 59
3, 0, 14, 56
3, 1, 14, 55
3, 1, 13, 52
3, 1, 12, 49
3, 1, 11, 48
3, 1, 10, 45
3, 1, 9, 44
3, 1, 8, 41
3, 1, 7, 38
3, 1, 6, 35
3, 1, 5, 32
3, 1, 4, 29
2, 1, 3, 26
2, 1, 3, 24
1, 0, 3, 23
1, 0, 3, 22
1, 1, 3, 18
0, 1, 2, 17
0, 1, 2, 16
0, 2, 2, 15
0, 2, 1, 12
3, 2, 0, 7
3, 2, 0, 4
3, 1, 0, 1
3, 46, 77, 561
3, 46, 77, 560
3, 45, 77, 557
2, 44, 77, 555
2, 44, 77, 554
3, 43, 77, 551
0, 43, 77, 549
0, 43, 77, 547
0, 43, 76, 544
1, 43, 75, 542
2, 43, 75, 541
2, 43, 75, 540
2, 43, 74, 537
1, 43, 73, 534
1, 43, 73, 532
0, 42, 73, 529
0, 42, 73, 527
0, 41, 73, 524
1, 40, 73, 523
2, 40, 73, 522
2, 40, 73, 521
2, 40, 72, 518
3, 40, 71, 516
0, 40, 71, 515
0, 40, 71, 514
0, 40, 70, 511
1, 40, 69, 507
2, 40, 69, 505
2, 40, 69, 503
2, 40, 68, 500
3, 40, 67, 495
0, 40, 67, 492
0, 40, 67, 489
0, 40, 66, 486
3, 40, 65, 484
3, 40, 65, 483
0, 39, 65, 481
1, 39, 65, 480
1, 39, 65, 479
1, 39, 64, 476
2, 39, 63, 470
3, 39, 63, 467
3, 39, 63, 464
3, 39, 62, 461
2, 39, 61, 457
2, 39, 61, 455
3, 38, 61, 451
0, 38, 61, 449
0, 38, 61, 447
0, 38, 60, 444
1, 38, 59, 441
2, 38, 59, 439
2, 38, 59, 437
2, 38, 58, 434
3, 38, 57, 432
0, 38, 57, 431
0, 38, 57, 430
0, 38, 56, 427
1, 38, 55, 426
2, 38, 55, 425
2, 38, 55, 424
2, 38, 54, 421
3, 38, 53, 419
0, 38, 53, 418
0, 38, 53, 417
0, 38, 52, 414
1, 38, 51, 411
2, 38, 51, 409
2, 38, 51, 407
2, 38, 50, 404
3, 38, 49, 400
0, 38, 49, 398
0, 38, 49, 396
0, 38, 48, 393
1, 38, 47, 391
2, 38, 47, 390
2, 38, 47, 389
2, 38, 46, 386
3, 38, 45, 385
0, 38, 45, 384
0, 38, 45, 383
0, 38, 44, 380
1, 38, 43, 378
2, 38, 43, 377
2, 38, 43, 376
2, 38, 42, 373
1, 38, 41, 372
1, 38, 41, 371
2, 37, 41, 370
3, 37, 41, 369
3, 37, 41, 368
3, 37, 40, 365
0, 37, 39, 364
1, 37, 39, 363
1, 37, 39, 362
1, 37, 38, 359
2, 37, 37, 358
3, 37, 37, 357
3, 37, 37, 356
3, 37, 36, 353
0, 37, 35, 344
1, 37, 35, 339
1, 37, 35, 334
1, 37, 34, 331
2, 37, 33, 330
3, 37, 33, 329
3, 37, 33, 328
3, 37, 32, 325
0, 37, 31, 323
1, 37, 31, 322
1, 37, 31, 321
1, 37, 30, 318
0, 37, 29, 317
0, 37, 29, 316
1, 36, 29, 311
2, 36, 29, 308
2, 36, 29, 305
2, 36, 28, 302
3, 36, 27, 297
0, 36, 27, 294
0, 36, 27, 291
0, 36, 26, 288
1, 36, 25, 287
2, 36, 25, 286
2, 36, 25, 285
2, 36, 24, 282
1, 36, 23, 280
1, 36, 23, 279
2, 35, 23, 275
3, 35, 23, 273
3, 35, 23, 271
3, 35, 22, 268
0, 35, 21, 263
1, 35, 21, 260
1, 35, 21, 257
1, 35, 20, 254
2, 35, 19, 249
3, 35, 19, 246
3, 35, 19, 243
3, 35, 18, 240
0, 35, 17, 238
1, 35, 17, 237
1, 35, 17, 236
1, 35, 16, 233
2, 35, 15, 227
3, 35, 15, 224
3, 35, 15, 221
3, 35, 14, 218
0, 35, 13, 216
1, 35, 13, 215
1, 35, 13, 214
1, 35, 12, 211
2, 35, 11, 208
3, 35, 11, 206
3, 35, 11, 204
3, 35, 10, 201
2, 35, 9, 200
2, 35, 9, 199
3, 34, 9, 197
0, 34, 9, 196
0, 34, 9, 195
0, 34, 8, 192
1, 34, 7, 188
2, 34, 7, 186
2, 34, 7, 184
2, 34, 6, 181
3, 34, 5, 180
0, 34, 5, 179
0, 34, 5, 178
0, 34, 4, 175
3, 34, 3, 172
3, 34, 3, 170
2, 33, 3, 167
2, 33, 3, 165
2, 32, 3, 162
1, 31, 3, 161
1, 31, 3, 160
1, 30, 3, 157
0, 29, 3, 155
0, 29, 3, 154
0, 28, 3, 151
3, 27, 3, 148
3, 27, 3, 146
3, 26, 3, 143
2, 25, 3, 140
2, 25, 3, 138
2, 24, 3, 135
1, 23, 3, 130
1, 23, 3, 127
1, 22, 3, 124
0, 21, 3, 121
0, 21, 3, 119
0, 20, 3, 116
3, 19, 3, 114
3, 19, 3, 113
3, 18, 3, 110
2, 17, 3, 106
2, 17, 3, 104
2, 16, 3, 101
1, 15, 3, 99
1, 15, 3, 98
1, 14, 3, 95
0, 13, 3, 87
0, 13, 3, 83
0, 12, 3, 80
3, 11, 3, 77
3, 11, 3, 75
3, 10, 3, 72
0, 9, 3, 70
1, 9, 3, 69
1, 9, 3, 68
0, 9, 2, 67
0, 9, 2, 66
3, 8, 2, 65
3, 8, 2, 64
0, 7, 2, 57
1, 7, 2, 53
1, 7, 2, 49
1, 7, 1, 46
0, 7, 0, 45
0, 7, 0, 44
0, 6, 0, 41
3, 5, 0, 39
3, 5, 0, 38
3, 4, 0, 35
2, 3, 0, 28
2, 3, 0, 24
2, 2, 0, 21
1, 1, 0, 19
1, 1, 0, 18
1, 0, 0, 15
2, 1, 0, 6
2, 1, 0, 1
1, 3, 47, 177
1, 3, 47, 176
1, 4, 47, 175
1, 4, 46, 174
1, 4, 45, 168
1, 4, 44, 160
0, 4, 43, 157
0, 4, 43, 155
0, 3, 43, 154
0, 3, 42, 151
0, 3, 41, 143
0, 3, 40, 140
0, 3, 39, 136
0, 3, 38, 133
0, 3, 37, 132
0, 3, 36, 129
0, 3, 35, 127
0, 3, 34, 124
0, 3, 33, 120
0, 3, 32, 117
0, 3, 31, 114
0, 3, 30, 111
0, 3, 29, 110
0, 3, 28, 107
0, 3, 27, 98
0, 3, 26, 95
0, 3, 25, 93
0, 3, 24, 92
0, 3, 23, 91
0, 3, 22, 87
0, 3, 21, 82
0, 3, 20, 73
0, 3, 19, 70
0, 3, 18, 69
0, 3, 17, 66
0, 3, 16, 60
0, 3, 15, 57
0, 3, 14, 51
0, 3, 13, 48
0, 3, 12, 42
0, 3, 11, 39
0, 3, 10, 37
0, 3, 9, 34
3, 3, 8, 33
3, 3, 8, 32
2, 2, 8, 31
2, 2, 8, 30
2, 1, 8, 27
2, 1, 7, 24
1, 1, 6, 20
1, 1, 6, 18
1, 0, 6, 14
1, 0, 5, 11
1, 0, 4, 8
1, 0, 3, 5
1, 0, 2, 4
1, 0, 1, 1
3, 20, 21, 125
3, 20, 21, 124
3, 19, 21, 123
3, 19, 20, 120
2, 19, 19, 119
2, 19, 19, 118
2, 18, 19, 114
2, 18, 18, 111
2, 18, 17, 107
2, 18, 16, 104
1, 18, 15, 103
1, 18, 15, 102
1, 17, 15, 99
0, 16, 15, 98
0, 16, 15, 97
0, 15, 15, 94
0, 14, 15, 90
0, 14, 14, 87
0, 14, 13, 85
0, 14, 12, 82
3, 14, 11, 77
3, 14, 11, 74
3, 13, 11, 73
3, 13, 10, 70
3, 13, 9, 67
3, 13, 8, 64
2, 13, 7, 58
2, 13, 7, 55
2, 12, 7, 54
2, 12, 6, 51
2, 12, 5, 47
2, 12, 4, 44
1, 12, 3, 43
1, 12, 3, 42
0, 11, 3, 40
0, 11, 3, 39
0, 10, 3, 36
3, 9, 3, 35
3, 9, 3, 34
3, 8, 3, 31
2, 7, 3, 29
2, 7, 3, 28
2, 6, 3, 25
2, 5, 3, 24
2, 5, 2, 21
1, 5, 1, 18
1, 5, 1, 16
1, 4, 1, 14
0, 4, 0, 13
0, 4, 0, 12
0, 3, 0, 9
3, 2, 0, 6
3, 2, 0, 4
3, 1, 0, 1
3, 2, 91, 330
3, 2, 91, 329
3, 1, 91, 326
3, 0, 91, 323
3, 0, 90, 320
3, 0, 89, 317
3, 0, 88, 314
3, 0, 87, 309
3, 0, 86, 306
3, 0, 85, 305
3, 0, 84, 302
2, 0, 83, 295
2, 0, 83, 291
2, 1, 83, 290
2, 1, 82, 287
2, 1, 81, 283
2, 1, 80, 280
2, 1, 79, 279
2, 1, 78, 276
2, 1, 77, 274
2, 1, 76, 271
2, 1, 75, 267
2, 1, 74, 264
2, 1, 73, 262
2, 1, 72, 259
2, 1, 71, 255
2, 1, 70, 252
2, 1, 69, 249
2, 1, 68, 248
2, 1, 67, 245
1, 1, 66, 244
1, 1, 66, 243
1, 0, 66, 240
1, 1, 66, 237
1, 1, 65, 234
1, 1, 64, 233
1, 1, 63, 230
0, 1, 62, 229
0, 1, 62, 228
0, 0, 62, 224
0, 0, 61, 221
0, 0, 60, 217
0, 0, 59, 214
3, 0, 58, 212
3, 0, 58, 211
3, 1, 58, 208
3, 2, 58, 203
3, 2, 57, 200
3, 2, 56, 198
3, 2, 55, 195
3, 2, 54, 190
3, 2, 53, 187
3, 2, 52, 186
3, 2, 51, 183
3, 2, 50, 175
3, 2, 49, 172
3, 2, 48, 171
3, 2, 47, 168
3, 2, 46, 164
3, 2, 45, 161
2, 2, 44, 160
2, 2, 44, 159
2, 1, 44, 155
2, 1, 43, 152
1, 1, 42, 151
1, 1, 42, 150
1, 0, 42, 146
1, 0, 41, 143
1, 0, 40, 139
1, 0, 39, 136
1, 0, 38, 134
1, 0, 37, 131
0, 0, 36, 130
0, 0, 36, 129
0, 1, 36, 127
0, 1, 35, 124
0, 1, 34, 116
0, 1, 33, 114
0, 1, 32, 111
0, 1, 31, 109
0, 1, 30, 106
0, 1, 29, 99
0, 1, 28, 96
0, 1, 27, 94
0, 1, 26, 91
0, 1, 25, 87
0, 1, 24, 84
0, 1, 23, 81
0, 1, 22, 78
0, 1, 21, 76
0, 1, 20, 73
0, 1, 19, 70
0, 1, 18, 69
0, 1, 17, 66
0, 1, 16, 64
0, 1, 15, 61
3, 1, 14, 60
3, 1, 14, 59
3, 0, 14, 56
3, 1, 14, 55
3, 1, 13, 52
3, 1, 12, 49
3, 1, 11, 48
3, 1, 10, 45
3, 1, 9, 44
3, 1, 8, 41
3, 1, 7, 38
3, 1, 6, 35
3, 1, 5, 32
3, 1, 4, 29
2, 1, 3, 26
2, 1, 3, 24
1, 0, 3, 23
1, 0, 3, 22
1, 1, 3, 18
0, 1, 2, 17
0, 1, 2, 16
0, 2, 2, 15
0, 2, 1, 12
3, 2, 0, 7
3, 2, 0, 4
3, 1, 0, 1
3, 46, 77, 561
3, 46, 77, 560
3, 45, 77, 557
2, 44, 77, 555
2, 44, 77, 554
3, 43, 77, 551
0, 43, 77, 549
0, 43, 77, 547
0, 43, 76, 544
1, 43, 75, 542
2, 43, 75, 541
2, 43, 75, 540
2, 43, 74, 537
1, 43, 73, 534
1, 43, 73, 532
0, 42, 73, 529
0, 42, 73, 527
0, 41, 73, 524
1, 40, 73, 523
2, 40, 73, 522
2, 40, 73, 521
2, 40, 72, 518
3, 40, 71, 516
0, 40, 71, 515
0, 40, 71, 514
0, 40, 70, 511
1, 40, 69, 507
2, 40, 69, 505
2, 40, 69, 503
2, 40, 68, 500
3, 40, 67, 495
0, 40, 67, 492
0, 40, 67, 489
0, 40, 66, 486
3, 40, 65, 484
3, 40, 65, 483
0, 39, 65, 481
1, 39, 65, 480
1, 39, 65, 479
1, 39, 64, 476
2, 39, 63, 470
3, 39, 63, 467
3, 39, 63, 464
3, 39, 62, 461
2, 39, 61, 457
2, 39, 61, 455
3, 38, 61, 451
0, 38, 61, 449
0, 38, 61, 447
0, 38, 60, 444
1, 38, 59, 441
2, 38, 59, 439
2, 38, 59, 437
2, 38, 58, 434
3, 38, 57, 432
0, 38, 57, 431
0, 38, 57, 430
0, 38, 56, 427
1, 38, 55, 426
2, 38, 55, 425
2, 38, 55, 424
2, 38, 54, 421
3, 38, 53, 419
0, 38, 53, 418
0, 38, 53, 417
0, 38, 52, 414
1, 38, 51, 411
2, 38, 51, 409
2, 38, 51, 407
2, 38, 50, 404
3, 38, 49, 400
0, 38, 49, 398
0, 38, 49, 396
0, 38, 48, 393
1, 38, 47, 391
2, 38, 47, 390
2, 38, 47, 389
2, 38, 46, 386
3, 38, 45, 385
0, 38, 45, 384
0, 38, 45, 383
0, 38, 44, 380
1, 38, 43, 378
2, 38, 43, 377
2, 38, 43, 376
2, 38, 42, 373
1, 38, 41, 372
1, 38, 41, 371
2, 37, 41, 370
3, 37, 41, 369
3, 37, 41, 368
3, 37, 40, 365
0, 37, 39, 364
1, 37, 39, 363
1, 37, 39, 362
1, 37, 38, 359
2, 37, 37, 358
3, 37, 37, 357
3, 37, 37, 356
3, 37, 36, 353
0, 37, 35, 344
1, 37, 35, 339
1, 37, 35, 334
1, 37, 34, 331
2, 37, 33, 330
3, 37, 33, 329
3, 37, 33, 328
3, 37, 32, 325
0, 37, 31, 323
1, 37, 31, 322
1, 37, 31, 321
1, 37, 30, 318
0, 37, 29, 317
0, 37, 29, 316
1, 36, 29, 311
2, 36, 29, 308
2, 36, 29, 305
2, 36, 28, 302
3, 36, 27, 297
0, 36, 27, 294
0, 36, 27, 291
0, 36, 26, 288
1, 36, 25, 287
2, 36, 25, 286
2, 36, 25, 285
2, 36, 24, 282
1, 36, 23, 280
1, 36, 23, 279
2, 35, 23, 275
3, 35, 23, 273
3, 35, 23, 271
3, 35, 22, 268
0, 35, 21, 263
1, 35, 21, 260
1, 35, 21, 257
1, 35, 20, 254
2, 35, 19, 249
3, 35, 19, 246
3, 35, 19, 243
3, 35, 18, 240
0, 35, 17, 238
1, 35, 17, 237
1, 35, 17, 236
1, 35, 16, 233
2, 35, 15, 227
3, 35, 15, 224
3, 35, 15, 221
3, 35, 14, 218
0, 35, 13, 216
1, 35, 13, 215
1, 35, 13, 214
1, 35, 12, 211
2, 35, 11, 208
3, 35, 11, 206
3, 35, 11, 204
3, 35, 10, 201
2, 35, 9, 200
2, 35, 9, 199
3, 34, 9, 197
0, 34, 9, 196
0, 34, 9, 195
0, 34, 8, 192
1, 34, 7, 188
2, 34, 7, 186
2, 34, 7, 184
2, 34, 6, 181
3, 34, 5, 180
0, 34, 5, 179
0, 34, 5, 178
0, 34, 4, 175
3, 34, 3, 172
3, 34, 3, 170
2, 33, 3, 167
2, 33, 3, 165
2, 32, 3, 162
1, 31, 3, 161
1, 31, 3, 160
1, 30, 3, 157
0, 29, 3, 155
0, 29, 3, 154
0, 28, 3, 151
3, 27, 3, 148
3, 27, 3, 146
3, 26, 3, 143
2, 25, 3, 140
2, 25, 3, 138
2, 24, 3, 135
1, 23, 3, 130
1, 23, 3, 127
1, 22, 3, 124
0, 21, 3, 121
0, 21, 3, 119
0, 20, 3, 116
3, 19, 3, 114
3, 19, 3, 113
3, 18, 3, 110
2, 17, 3, 106
2, 17, 3, 104
2, 16, 3, 101
1, 15, 3, 99
1, 15, 3, 98
1, 14, 3, 95
0, 13, 3, 87
0, 13, 3, 83
0, 12, 3, 80
3, 11, 3, 77
3, 11, 3, 75
3, 10, 3, 72
0, 9, 3, 70
1, 9, 3, 69
1, 9, 3, 68
0, 9, 2, 67
0, 9, 2, 66
3, 8, 2, 65
3, 8, 2, 64
0, 7, 2, 57
1, 7, 2, 53
1, 7, 2, 49
1, 7, 1, 46
0, 7, 0, 45
0, 7, 0, 44
0, 6, 0, 41
3, 5, 0, 39
3, 5, 0, 38
3, 4, 0, 35
2, 3, 0, 28
2, 3, 0, 24
2, 2, 0, 21
1, 1, 0, 19
1, 1, 0, 18
1, 0, 0, 15
2, 1, 0, 6
2, 1, 0, 1
1, 31, 73, 476
2, 31, 73, 475
2, 31, 73, 474
3, 31, 72, 471
0, 31, 72, 469
0, 31, 72, 467
0, 31, 71, 464
1, 31, 70, 463
2, 31, 70, 462
2, 31, 70, 461
2, 31, 69, 458
3, 31, 68, 451
0, 31, 68, 447
0, 31, 68, 443
0, 31, 67, 440
1, 31, 66, 431
2, 31, 66, 426
2, 31, 66, 421
2, 31, 65, 418
3, 31, 64, 417
3, 31, 64, 416
0, 30, 64, 415
1, 30, 64, 414
1, 30, 64, 413
1, 30, 63, 410
0, 30, 62, 409
0, 30, 62, 408
0, 29, 62, 405
3, 28, 62, 402
3, 28, 62, 400
3, 27, 62, 397
0, 26, 62, 395
1, 26, 62, 394
1, 26, 62, 393
1, 26, 61, 390
2, 26, 60, 387
3, 26, 60, 385
3, 26, 60, 383
3, 26, 59, 380
0, 26, 58, 379
1, 26, 58, 378
1, 26, 58, 377
1, 26, 57, 374
0, 26, 56, 373
0, 26, 56, 372
0, 25, 56, 369
1, 24, 56, 368
2, 24, 56, 367
2, 24, 56, 366
2, 24, 55, 363
3, 24, 54, 359
0, 24, 54, 357
0, 24, 54, 355
0, 24, 53, 352
3, 24, 52, 351
3, 24, 52, 350
3, 23, 52, 347
0, 22, 52, 346
1, 22, 52, 345
1, 22, 52, 344
1, 22, 51, 341
2, 22, 50, 335
3, 22, 50, 332
3, 22, 50, 329
3, 22, 49, 326
2, 22, 48, 322
2, 22, 48, 320
2, 21, 48, 317
3, 20, 48, 316
0, 20, 48, 315
0, 20, 48, 314
0, 20, 47, 311
3, 20, 46, 308
3, 20, 46, 306
3, 19, 46, 303
0, 18, 46, 302
1, 18, 46, 301
1, 18, 46, 300
1, 18, 45, 297
0, 18, 44, 296
0, 18, 44, 295
0, 17, 44, 292
1, 16, 44, 291
2, 16, 44, 290
2, 16, 44, 289
2, 16, 43, 286
3, 16, 42, 281
0, 16, 42, 278
0, 16, 42, 275
0, 16, 41, 272
1, 16, 40, 270
2, 16, 40, 269
2, 16, 40, 268
2, 16, 39, 265
1, 16, 38, 263
1, 16, 38, 262
1, 15, 38, 259
2, 14, 38, 258
3, 14, 38, 257
3, 14, 38, 256
3, 14, 37, 253
0, 14, 36, 250
1, 14, 36, 248
1, 14, 36, 246
1, 14, 35, 243
2, 14, 34, 235
3, 14, 34, 231
3, 14, 34, 227
3, 14, 33, 224
0, 14, 32, 223
1, 14, 32, 222
1, 14, 32, 221
1, 14, 31, 218
2, 14, 30, 209
3, 14, 30, 204
3, 14, 30, 199
3, 14, 29, 196
0, 14, 28, 191
1, 14, 28, 188
1, 14, 28, 185
1, 14, 27, 182
2, 14, 26, 181
3, 14, 26, 180
3, 14, 26, 179
3, 14, 25, 176
0, 14, 24, 173
1, 14, 24, 171
1, 14, 24, 169
1, 14, 23, 166
2, 14, 22, 164
3, 14, 22, 163
3, 14, 22, 162
3, 14, 21, 159
0, 14, 20, 153
1, 14, 20, 150
1, 14, 20, 147
1, 14, 19, 144
2, 14, 18, 135
3, 14, 18, 130
3, 14, 18, 125
3, 14, 17, 122
0, 14, 16, 121
1, 14, 16, 120
1, 14, 16, 119
1, 14, 15, 116
2, 14, 14, 114
3, 14, 14, 113
3, 14, 14, 112
3, 14, 13, 109
2, 14, 12, 108
2, 14, 12, 107
2, 13, 12, 104
3, 12, 12, 102
0, 12, 12, 101
0, 12, 12, 100
0, 12, 11, 97
1, 12, 10, 96
2, 12, 10, 95
2, 12, 10, 94
2, 12, 9, 91
3, 12, 8, 85
0, 12, 8, 82
0, 12, 8, 79
0, 12, 7, 76
3, 12, 6, 74
3, 12, 6, 73
3, 11, 6, 70
2, 10, 6, 68
2, 10, 6, 67
2, 9, 6, 64
3, 8, 6, 62
0, 8, 6, 61
0, 8, 6, 60
0, 8, 5, 57
3, 8, 4, 56
3, 8, 4, 55
3, 7, 4, 52
2, 6, 4, 46
2, 6, 4, 43
2, 5, 4, 40
3, 4, 4, 34
0, 4, 4, 31
0, 4, 4, 28
0, 4, 3, 25
3, 4, 2, 22
3, 4, 2, 20
3, 3, 2, 17
2, 2, 2, 15
2, 2, 2, 14
2, 1, 2, 11
3, 0, 2, 8
0, 0, 2, 6
0, 0, 2, 4
0, 0, 1, 1
1, 3, 47, 177
1, 3, 47, 176
1, 4, 47, 175
1, 4, 46, 174
1, 4, 45, 168
1, 4, 44, 160
0, 4, 43, 157
0, 4, 43, 155
0, 3, 43, 154
0, 3, 42, 151
0, 3, 41, 143
0, 3, 40, 140
0, 3, 39, 136
0, 3, 38, 133
0, 3, 37, 132
0, 3, 36, 129
0, 3, 35, 127
0, 3, 34, 124
0, 3, 33, 120
0, 3, 32, 117
0, 3, 31, 114
0, 3, 30, 111
0, 3, 29, 110
0, 3, 28, 107
0, 3, 27, 98
0, 3, 26, 95
0, 3, 25, 93
0, 3, 24, 92
0, 3, 23, 91
0, 3, 22, 87
0, 3, 21, 82
0, 3, 20, 73
0, 3, 19, 70
0, 3, 18, 69
0, 3, 17, 66
0, 3, 16, 60
0, 3, 15, 57
0, 3, 14, 51
0, 3, 13, 48
0, 3, 12, 42
0, 3, 11, 39
0, 3, 10, 37
0, 3, 9, 34
3, 3, 8, 33
3, 3, 8, 32
2, 2, 8, 31
2, 2, 8, 30
2, 1, 8, 27
2, 1, 7, 24
1, 1, 6, 20
1, 1, 6, 18
1, 0, 6, 14
1, 0, 5, 11
1, 0, 4, 8
1, 0, 3, 5
1, 0, 2, 4
1, 0, 1, 1
3, 20, 21, 125
3, 20, 21, 124
3, 19, 21, 123
3, 19, 20, 120
2, 19, 19, 119
2, 19, 19, 118
2, 18, 19, 114
2, 18, 18, 111
2, 18, 17, 107
2, 18, 16, 104
1, 18, 15, 103
1, 18, 15, 102
1, 17, 15, 99
0, 16, 15, 98
0, 16, 15, 97
0, 15, 15, 94
0, 14, 15, 90
0, 14, 14, 87
0, 14, 13, 85
0, 14, 12, 82
3, 14, 11, 77
3, 14, 11, 74
3, 13, 11, 73
3, 13, 10, 70
3, 13, 9, 67
3, 13, 8, 64
2, 13, 7, 58
2, 13, 7, 55
2, 12, 7, 54
2, 12, 6, 51
2, 12, 5, 47
2, 12, 4, 44
1, 12, 3, 43
1, 12, 3, 42
0, 11, 3, 40
0, 11, 3, 39
0, 10, 3, 36
3, 9, 3, 35
3, 9, 3, 34
3, 8, 3, 31
2, 7, 3, 29
2, 7, 3, 28
2, 6, 3, 25
2, 5, 3, 24
2, 5, 2, 21
1, 5, 1, 18
1, 5, 1, 16
1, 4, 1, 14
0, 4, 0, 13
0, 4, 0, 12
0, 3, 0, 9
3, 2, 0, 6
3, 2, 0, 4
3, 1, 0, 1
3, 2, 91, 330
3, 2, 91, 329
3, 1, 91, 326
3, 0, 91, 323
3, 0, 90, 320
3, 0, 89, 317
3, 0, 88, 314
3, 0, 87, 309
3, 0, 86, 306
3, 0, 85, 305
3, 0, 84, 302
2, 0, 83, 295
2, 0, 83, 291
2, 1, 83, 290
2, 1, 82, 287
2, 1, 81, 283
2, 1, 80, 280
2, 1, 79, 279
2, 1, 78, 276
2, 1, 77, 274
2, 1, 76, 271
2, 1, 75, 267
2, 1, 74, 264
2, 1, 73, 262
2, 1, 72, 259
2, 1, 71, 255
2, 1, 70, 252
2, 1, 69, 249
2, 1, 68, 248
2, 1, 67, 245
1, 1, 66, 244
1, 1, 66, 243
1, 0, 66, 240
1, 1, 66, 237
1, 1, 65, 234
1, 1, 64, 233
1, 1, 63, 230
0, 1, 62, 229
0, 1, 62, 228
0, 0, 62, 224
0, 0, 61, 221
0, 0, 60, 217
0, 0, 59, 214
3, 0, 58, 212
3, 0, 58, 211
3, 1, 58, 208
3, 2, 58, 203
3, 2, 57, 200
3, 2, 56, 198
3, 2, 55, 195
3, 2, 54, 190
3, 2, 53, 187
3, 2, 52, 186
3, 2, 51, 183
3, 2, 50, 175
3, 2, 49, 172
3, 2, 48, 171
3, 2, 47, 168
3, 2, 46, 164
3, 2, 45, 161
2, 2, 44, 160
2, 2, 44, 159
2, 1, 44, 155
2, 1, 43, 152
1, 1, 42, 151
1, 1, 42, 150
1, 0, 42, 146
1, 0, 41, 143
1, 0, 40, 139
1, 0, 39, 136
1, 0, 38, 134
1, 0, 37, 131
0, 0, 36, 130
0, 0, 36, 129
0, 1, 36, 127
0, 1, 35, 124
0, 1, 34, 116
0, 1, 33, 114
0, 1, 32, 111
0, 1, 31, 109
0, 1, 30, 106
0, 1, 29, 99
0, 1, 28, 96
0, 1, 27, 94
0, 1, 26, 91
0, 1, 25, 87
0, 1, 24, 84
0, 1, 23, 81
0, 1, 22, 78
0, 1, 21, 76
0, 1, 20, 73
0, 1, 19, 70
0, 1, 18, 69
0, 1, 17, 66
0, 1, 16, 64
0, 1, 15, 61
3, 1, 14, 60
3, 1, 14, 59
3, 0, 14, 56
3, 1, 14, 55
3, 1, 13, 52
3, 1, 12, 49
3, 1, 11, 48
3, 1, 10, 45
3, 1, 9, 44
3, 1, 8, 41
3, 1, 7, 38
3, 1, 6, 35
3, 1, 5, 32
3, 1, 4, 29
2, 1, 3, 26
2, 1, 3, 24
1, 0, 3, 23
1, 0, 3, 22
1, 1, 3, 18
0, 1, 2, 17
0, 1, 2, 16
0, 2, 2, 15
0, 2, 1, 12
3, 2, 0, 7
3, 2, 0, 4
3, 1, 0, 1
3, 46, 77, 561
3, 46, 77, 560
3, 45, 77, 557
2, 44, 77, 555
2, 44, 77, 554
3, 43, 77, 551
0, 43, 77, 549
0, 43, 77, 547
0, 43, 76, 544
1, 43, 75, 542
2, 43, 75, 541
2, 43, 75, 540
2, 43, 74, 537
1, 43, 73, 534
1, 43, 73, 532
0, 42, 73, 529
0, 42, 73, 527
0, 41, 73, 524
1, 40, 73, 523
2, 40, 73, 522
2, 40, 73, 521
2, 40, 72, 518
3, 40, 71, 516
0, 40, 71, 515
0, 40, 71, 514
0, 40, 70, 511
1, 40, 69, 507
2, 40, 69, 505
2, 40, 69, 503
2, 40, 68, 500
3, 40, 67, 495
0, 40, 67, 492
0, 40, 67, 489
0, 40, 66, 486
3, 40, 65, 484
3, 40, 65, 483
0, 39, 65, 481
1, 39, 65, 480
1, 39, 65, 479
1, 39, 64, 476
2, 39, 63, 470
3, 39, 63, 467
3, 39, 63, 464
3, 39, 62, 461
2, 39, 61, 457
2, 39, 61, 455
3, 38, 61, 451
0, 38, 61, 449
0, 38, 61, 447
0, 38, 60, 444
1, 38, 59, 441
2, 38, 59, 439
2, 38, 59, 437
2, 38, 58, 434
3, 38, 57, 432
0, 38, 57, 431
0, 38, 57, 430
0, 38, 56, 427
1, 38, 55, 426
2, 38, 55, 425
2, 38, 55, 424
2, 38, 54, 421
3, 38, 53, 419
0, 38, 53, 418
0, 38, 53, 417
0, 38, 52, 414
1, 38, 51, 411
2, 38, 51, 409
2, 38, 51, 407
2, 38, 50, 404
3, 38, 49, 400
0, 38, 49, 398
0, 38, 49, 396
0, 38, 48, 393
1, 38, 47, 391
2, 38, 47, 390
2, 38, 47, 389
2, 38, 46, 386
3, 38, 45, 385
0, 38, 45, 384
0, 38, 45, 383
0, 38, 44, 380
1, 38, 43, 378
2, 38, 43, 377
2, 38, 43, 376
2, 38, 42, 373
1, 38, 41, 372
1, 38, 41, 371
2, 37, 41, 370
3, 37, 41, 369
3, 37, 41, 368
3, 37, 40, 365
0, 37, 39, 364
1, 37, 39, 363
1, 37, 39, 362
1, 37, 38, 359
2, 37, 37, 358
3, 37, 37, 357
3, 37, 37, 356
3, 37, 36, 353
0, 37, 35, 344
1, 37, 35, 339
1, 37, 35, 334
1, 37, 34, 331
2, 37, 33, 330
3, 37, 33, 329
3, 37, 33, 328
3, 37, 32, 325
0, 37, 31, 323
1, 37, 31, 322
1, 37, 31, 321
1, 37, 30, 318
0, 37, 29, 317
0, 37, 29, 316
1, 36, 29, 311
2, 36, 29, 308
2, 36, 29, 305
2, 36, 28, 302
3, 36, 27, 297
0, 36, 27, 294
0, 36, 27, 291
0, 36, 26, 288
1, 36, 25, 287
2, 36, 25, 286
2, 36, 25, 285
2, 36, 24, 282
1, 36, 23, 280
1, 36, 23, 279
2, 35, 23, 275
3, 35, 23, 273
3, 35, 23, 271
3, 35, 22, 268
0, 35, 21, 263
1, 35, 21, 260
1, 35, 21, 257
1, 35, 20, 254
2, 35, 19, 249
3, 35, 19, 246
3, 35, 19, 243
3, 35, 18, 240
0, 35, 17, 238
1, 35, 17, 237
1, 35, 17, 236
1, 35, 16, 233
2, 35, 15, 227
3, 35, 15, 224
3, 35, 15, 221
3, 35, 14, 218
0, 35, 13, 216
1, 35, 13, 215
1, 35, 13, 214
1, 35, 12, 211
2, 35, 11, 208
3, 35, 11, 206
3, 35, 11, 204
3, 35, 10, 201
2, 35, 9, 200
2, 35, 9, 199
3, 34, 9, 197
0, 34, 9, 196
0, 34, 9, 195
0, 34, 8, 192
1, 34, 7, 188
2, 34, 7, 186
2, 34, 7, 184
2, 34, 6, 181
3, 34, 5, 180
0, 34, 5, 179
0, 34, 5, 178
0, 34, 4, 175
3, 34, 3, 172
3, 34, 3, 170
2, 33, 3, 167
2, 33, 3, 165
2, 32, 3, 162
1, 31, 3, 161
1, 31, 3, 160
1, 30, 3, 157
0, 29, 3, 155
0, 29, 3, 154
0, 28, 3, 151
3, 27, 3, 148
3, 27, 3, 146
3, 26, 3, 143
2, 25, 3, 140
2, 25, 3, 138
2, 24, 3, 135
1, 23, 3, 130
1, 23, 3, 127
1, 22, 3, 124
0, 21, 3, 121
0, 21, 3, 119
0, 20, 3, 116
3, 19, 3, 114
3, 19, 3, 113
3, 18, 3, 110
2, 17, 3, 106
2, 17, 3, 104
2, 16, 3, 101
1, 15, 3, 99
1, 15, 3, 98
1, 14, 3, 95
0, 13, 3, 87
0, 13, 3, 83
0, 12, 3, 80
3, 11, 3, 77
3, 11, 3, 75
3, 10, 3, 72
0, 9, 3, 70
1, 9, 3, 69
1, 9, 3, 68
0, 9, 2, 67
0, 9, 2, 66
3, 8, 2, 65
3, 8, 2, 64
0, 7, 2, 57
1, 7, 2, 53
1, 7, 2, 49
1, 7, 1, 46
0, 7, 0, 45
0, 7, 0, 44
0, 6, 0, 41
3, 5, 0, 39
3, 5, 0, 38
3, 4, 0, 35
2, 3, 0, 28
2, 3, 0, 24
2, 2, 0, 21
1, 1, 0, 19
1, 1, 0, 18
1, 0, 0, 15
2, 1, 0, 6
2, 1, 0, 1
1, 31, 73, 476
2, 31, 73, 475
2, 31, 73, 474
3, 31, 72, 471
0, 31, 72, 469
0, 31, 72, 467
0, 31, 71, 464
1, 31, 70, 463
2, 31, 70, 462
2, 31, 70, 461
2, 31, 69, 458
3, 31, 68, 451
0, 31, 68, 447
0, 31, 68, 443
0, 31, 67, 440
1, 31, 66, 431
2, 31, 66, 426
2, 31, 66, 421
2, 31, 65, 418
3, 31, 64, 417
3, 31, 64, 416
0, 30, 64, 415
1, 30, 64, 414
1, 30, 64, 413
1, 30, 63, 410
0, 30, 62, 409
0, 30, 62, 408
0, 29, 62, 405
3, 28, 62, 402
3, 28, 62, 400
3, 27, 62, 397
0, 26, 62, 395
1, 26, 62, 394
1, 26, 62, 393
1, 26, 61, 390
2, 26, 60, 387
3, 26, 60, 385
3, 26, 60, 383
3, 26, 59, 380
0, 26, 58, 379
1, 26, 58, 378
1, 26, 58, 377
1, 26, 57, 374
0, 26, 56, 373
0, 26, 56, 372
0, 25, 56, 369
1, 24, 56, 368
2, 24, 56, 367
2, 24, 56, 366
2, 24, 55, 363
3, 24, 54, 359
0, 24, 54, 357
0, 24, 54, 355
0, 24, 53, 352
3, 24, 52, 351
3, 24, 52, 350
3, 23, 52, 347
0, 22, 52, 346
1, 22, 52, 345
1, 22, 52, 344
1, 22, 51, 341
2, 22, 50, 335
3, 22, 50, 332
3, 22, 50, 329
3, 22, 49, 326
2, 22, 48, 322
2, 22, 48, 320
2, 21, 48, 317
3, 20, 48, 316
0, 20, 48, 315
0, 20, 48, 314
0, 20, 47, 311
3, 20, 46, 308
3, 20, 46, 306
3, 19, 46, 303
0, 18, 46, 302
1, 18, 46, 301
1, 18, 46, 300
1, 18, 45, 297
0, 18, 44, 296
0, 18, 44, 295
0, 17, 44, 292
1, 16, 44, 291
2, 16, 44, 290
2, 16, 44, 289
2, 16, 43, 286
3, 16, 42, 281
0, 16, 42, 278
0, 16, 42, 275
0, 16, 41, 272
1, 16, 40, 270
2, 16, 40, 269
2, 16, 40, 268
2, 16, 39, 265
1, 16, 38, 263
1, 16, 38, 262
1, 15, 38, 259
2, 14, 38, 258
3, 14, 38, 257
3, 14, 38, 256
3, 14, 37, 253
0, 14, 36, 250
1, 14, 36, 248
1, 14, 36, 246
1, 14, 35, 243
2, 14, 34, 235
3, 14, 34, 231
3, 14, 34, 227
3, 14, 33, 224
0, 14, 32, 223
1, 14, 32, 222
1, 14, 32, 221
1, 14, 31, 218
2, 14, 30, 209
3, 14, 30, 204
3, 14, 30, 199
3, 14, 29, 196
0, 14, 28, 191
1, 14, 28, 188
1, 14, 28, 185
1, 14, 27, 182
2, 14, 26, 181
3, 14, 26, 180
3, 14, 26, 179
3, 14, 25, 176
0, 14, 24, 173
1, 14, 24, 171
1, 14, 24, 169
1, 14, 23, 166
2, 14, 22, 164
3, 14, 22, 163
3, 14, 22, 162
3, 14, 21, 159
0, 14, 20, 153
1, 14, 20, 150
1, 14, 20, 147
1, 14, 19, 144
2, 14, 18, 135
3, 14, 18, 130
3, 14, 18, 125
3, 14, 17, 122
0, 14, 16, 121
1, 14, 16, 120
1, 14, 16, 119
1, 14, 15, 116
2, 14, 14, 114
3, 14, 14, 113
3, 14, 14, 112
3, 14, 13, 109
2, 14, 12, 108
2, 14, 12, 107
2, 13, 12, 104
3, 12, 12, 102
0, 12, 12, 101
0, 12, 12, 100
0, 12, 11, 97
1, 12, 10, 96
2, 12, 10, 95
2, 12, 10, 94
2, 12, 9, 91
3, 12, 8, 85
0, 12, 8, 82
0, 12, 8, 79
0, 12, 7, 76
3, 12, 6, 74
3, 12, 6, 73
3, 11, 6, 70
2, 10, 6, 68
2, 10, 6, 67
2, 9, 6, 64
3, 8, 6, 62
0, 8, 6, 61
0, 8, 6, 60
0, 8, 5, 57
3, 8, 4, 56
3, 8, 4, 55
3, 7, 4, 52
2, 6, 4, 46
2, 6, 4, 43
2, 5, 4, 40
3, 4, 4, 34
0, 4, 4, 31
0, 4, 4, 28
0, 4, 3, 25
3, 4, 2, 22
3, 4, 2, 20
3, 3, 2, 17
2, 2, 2, 15
2, 2, 2, 14
2, 1, 2, 11
3, 0, 2, 8
0, 0, 2, 6
0, 0, 2, 4
0, 0, 1, 1
3, 24, 23, 205
3, 24, 23, 204
3, 23, 23, 201
2, 22, 23, 192
2, 22, 23, 187
2, 21, 23, 184
1, 20, 23, 179
1, 20, 23, 176
1, 19, 23, 173
0, 18, 23, 172
0, 18, 23, 171
0, 17, 23, 168
3, 16, 23, 167
3, 16, 23, 166
3, 15, 23, 163
2, 14, 23, 162
2, 14, 23, 161
2, 13, 23, 158
3, 12, 23, 156
0, 12, 23, 155
0, 12, 23, 154
3, 12, 22, 153
3, 12, 22, 152
0, 11, 22, 151
1, 11, 22, 150
1, 11, 22, 149
1, 11, 21, 146
2, 11, 20, 144
3, 11, 20, 143
3, 11, 20, 142
3, 11, 19, 139
0, 11, 18, 136
1, 11, 18, 134
1, 11, 18, 132
1, 11, 17, 129
2, 11, 16, 126
3, 11, 16, 124
3, 11, 16, 122
3, 11, 15, 119
2, 11, 14, 118
2, 11, 14, 117
3, 10, 14, 116
0, 10, 14, 115
0, 10, 14, 114
0, 10, 13, 111
3, 10, 12, 108
3, 10, 12, 106
0, 9, 12, 102
1, 9, 12, 100
1, 9, 12, 98
1, 9, 11, 95
2, 9, 10, 94
3, 9, 10, 93
3, 9, 10, 92
3, 9, 9, 89
2, 9, 8, 82
2, 9, 8, 78
3, 8, 8, 77
0, 8, 8, 76
0, 8, 8, 75
0, 8, 7, 72
3, 8, 6, 70
3, 8, 6, 69
0, 7, 6, 66
1, 7, 6, 64
1, 7, 6, 62
1, 7, 5, 59
0, 7, 4, 58
0, 7, 4, 57
0, 6, 4, 54
1, 5, 4, 53
2, 5, 4, 52
2, 5, 4, 51
2, 5, 3, 48
3, 5, 2, 45
0, 5, 2, 43
0, 5, 2, 41
0, 5, 1, 38
3, 5, 0, 32
3, 5, 0, 29
3, 4, 0, 26
2, 3, 0, 25
2, 3, 0, 24
2, 2, 0, 21
1, 1, 0, 18
1, 1, 0, 16
1, 0, 0, 13
2, 1, 0, 5
2, 1, 0, 1
3, 0, 12, 58
3, 0, 12, 57
3, 1, 12, 56
3, 1, 11, 53
3, 1, 10, 51
3, 1, 9, 48
2, 1, 8, 47
2, 1, 8, 46
2, 0, 8, 43
2, 1, 8, 40
2, 1, 7, 37
2, 1, 6, 31
2, 1, 5, 28
2, 1, 4, 23
2, 1, 3, 20
2, 1, 2, 16
2, 1, 1, 13
1, 1, 0, 5
1, 1, 0, 1
3, 0, 12, 58
3, 0, 12, 57
3, 1, 12, 56
3, 1, 11, 53
3, 1, 10, 51
3, 1, 9, 48
2, 1, 8, 47
2, 1, 8, 46
2, 0, 8, 43
2, 1, 8, 40
2, 1, 7, 37
2, 1, 6, 31
2, 1, 5, 28
2, 1, 4, 23
2, 1, 3, 20
2, 1, 2, 16
2, 1, 1, 13
1, 1, 0, 5
1, 1, 0, 1
1, 15, 70, 282
1, 15, 70, 281
1, 14, 70, 276
1, 14, 69, 273
1, 14, 68, 272
1, 14, 67, 269
1, 14, 66, 268
1, 14, 65, 265
0, 14, 64, 263
0, 14, 64, 262
0, 13, 64, 259
0, 12, 64, 255
0, 12, 63, 252
3, 12, 62, 249
3, 12, 62, 247
3, 11, 62, 244
3, 10, 62, 238
3, 10, 61, 235
3, 10, 60, 234
3, 10, 59, 231
2, 10, 58, 229
2, 10, 58, 228
2, 9, 58, 225
1, 8, 58, 223
1, 8, 58, 222
1, 7, 58, 219
1, 6, 58, 215
1, 6, 57, 212
1, 6, 56, 210
1, 6, 55, 207
0, 6, 54, 204
0, 6, 54, 202
0, 5, 54, 199
0, 4, 54, 195
0, 4, 53, 193
0, 4, 52, 190
0, 4, 51, 189
0, 4, 50, 186
0, 4, 49, 185
0, 4, 48, 182
3, 4, 47, 177
3, 4, 47, 174
3, 3, 47, 171
3, 2, 47, 170
3, 2, 46, 167
3, 2, 45, 165
3, 2, 44, 162
0, 2, 43, 159
0, 2, 43, 157
0, 1, 43, 156
0, 1, 42, 153
0, 1, 41, 152
0, 1, 40, 149
0, 1, 39, 147
0, 1, 38, 144
0, 1, 37, 139
0, 1, 36, 136
0, 1, 35, 134
0, 1, 34, 131
0, 1, 33, 128
0, 1, 32, 125
0, 1, 31, 119
0, 1, 30, 116
0, 1, 29, 115
0, 1, 28, 112
0, 1, 27, 103
0, 1, 26, 100
0, 1, 25, 95
0, 1, 24, 92
0, 1, 23, 89
0, 1, 22, 86
3, 1, 21, 84
3, 1, 21, 83
3, 0, 21, 80
3, 1, 21, 78
3, 1, 20, 75
3, 1, 19, 74
3, 1, 18, 71
3, 1, 17, 69
3, 1, 16, 66
3, 1, 15, 60
3, 1, 14, 57
3, 1, 13, 55
3, 1, 12, 52
3, 1, 11, 47
3, 1, 10, 44
3, 1, 9, 38
3, 1, 8, 35
3, 1, 7, 34
3, 1, 6, 32
3, 1, 5, 29
3, 1, 4, 28
3, 1, 3, 25
3, 1, 2, 16
3, 1, 1, 13
2, 1, 0, 5
2, 1, 0, 1
3, 0, 12, 58
3, 0, 12, 57
3, 1, 12, 56
3, 1, 11, 53
3, 1, 10, 51
3, 1, 9, 48
2, 1, 8, 47
2, 1, 8, 46
2, 0, 8, 43
2, 1, 8, 40
2, 1, 7, 37
2, 1, 6, 31
2, 1, 5, 28
2, 1, 4, 23
2, 1, 3, 20
2, 1, 2, 16
2, 1, 1, 13
1, 1, 0, 5
1, 1, 0, 1
1, 15, 70, 282
1, 15, 70, 281
1, 14, 70, 276
1, 14, 69, 273
1, 14, 68, 272
1, 14, 67, 269
1, 14, 66, 268
1, 14, 65, 265
0, 14, 64, 263
0, 14, 64, 262
0, 13, 64, 259
0, 12, 64, 255
0, 12, 63, 252
3, 12, 62, 249
3, 12, 62, 247
3, 11, 62, 244
3, 10, 62, 238
3, 10, 61, 235
3, 10, 60, 234
3, 10, 59, 231
2, 10, 58, 229
2, 10, 58, 228
2, 9, 58, 225
1, 8, 58, 223
1, 8, 58, 222
1, 7, 58, 219
1, 6, 58, 215
1, 6, 57, 212
1, 6, 56, 210
1, 6, 55, 207
0, 6, 54, 204
0, 6, 54, 202
0, 5, 54, 199
0, 4, 54, 195
0, 4, 53, 193
0, 4, 52, 190
0, 4, 51, 189
0, 4, 50, 186
0, 4, 49, 185
0, 4, 48, 182
3, 4, 47, 177
3, 4, 47, 174
3, 3, 47, 171
3, 2, 47, 170
3, 2, 46, 167
3, 2, 45, 165
3, 2, 44, 162
0, 2, 43, 159
0, 2, 43, 157
0, 1, 43, 156
0, 1, 42, 153
0, 1, 41, 152
0, 1, 40, 149
0, 1, 39, 147
0, 1, 38, 144
0, 1, 37, 139
0, 1, 36, 136
0, 1, 35, 134
0, 1, 34, 131
0, 1, 33, 128
0, 1, 32, 125
0, 1, 31, 119
0, 1, 30, 116
0, 1, 29, 115
0, 1, 28, 112
0, 1, 27, 103
0, 1, 26, 100
0, 1, 25, 95
0, 1, 24, 92
0, 1, 23, 89
0, 1, 22, 86
3, 1, 21, 84
3, 1, 21, 83
3, 0, 21, 80
3, 1, 21, 78
3, 1, 20, 75
3, 1, 19, 74
3, 1, 18, 71
3, 1, 17, 69
3, 1, 16, 66
3, 1, 15, 60
3, 1, 14, 57
3, 1, 13, 55
3, 1, 12, 52
3, 1, 11, 47
3, 1, 10, 44
3, 1, 9, 38
3, 1, 8, 35
3, 1, 7, 34
3, 1, 6, 32
3, 1, 5, 29
3, 1, 4, 28
3, 1, 3, 25
3, 1, 2, 16
3, 1, 1, 13
2, 1, 0, 5
2, 1, 0, 1
1, 1, 30, 171
2, 1, 30, 170
2, 1, 30, 169
2, 1, 29, 166
1, 1, 28, 164
1, 1, 28, 163
1, 2, 28, 160
2, 3, 28, 159
3, 3, 28, 158
3, 3, 28, 157
3, 3, 27, 154
2, 3, 26, 150
2, 3, 26, 148
3, 2, 26, 147
0, 2, 26, 146
0, 2, 26, 145
0, 2, 25, 142
1, 2, 24, 135
2, 2, 24, 131
2, 2, 24, 127
2, 2, 23, 124
3, 2, 22, 123
0, 2, 22, 122
0, 2, 22, 121
0, 2, 21, 118
1, 2, 20, 115
2, 2, 20, 113
2, 2, 20, 111
2, 2, 19, 108
3, 2, 18, 106
0, 2, 18, 105
0, 2, 18, 104
0, 2, 17, 101
1, 2, 16, 99
2, 2, 16, 98
2, 2, 16, 97
2, 2, 15, 94
3, 2, 14, 92
0, 2, 14, 91
0, 2, 14, 90
0, 2, 13, 87
1, 2, 12, 83
2, 2, 12, 81
2, 2, 12, 79
2, 2, 11, 76
3, 2, 10, 69
0, 2, 10, 65
0, 2, 10, 61
0, 2, 9, 58
1, 2, 8, 50
2, 2, 8, 46
2, 2, 8, 42
2, 2, 7, 39
3, 2, 6, 38
0, 2, 6, 37
0, 2, 6, 36
0, 2, 5, 33
1, 2, 4, 32
2, 2, 4, 31
2, 2, 4, 30
2, 2, 3, 27
3, 2, 2, 26
0, 2, 2, 25
0, 2, 2, 24
0, 2, 1, 21
3, 2, 0, 15
3, 2, 0, 12
2, 1, 0, 5
2, 1, 0, 1
3, 0, 12, 58
3, 0, 12, 57
3, 1, 12, 56
3, 1, 11, 53
3, 1, 10, 51
3, 1, 9, 48
2, 1, 8, 47
2, 1, 8, 46
2, 0, 8, 43
2, 1, 8, 40
2, 1, 7, 37
2, 1, 6, 31
2, 1, 5, 28
2, 1, 4, 23
2, 1, 3, 20
2, 1, 2, 16
2, 1, 1, 13
1, 1, 0, 5
1, 1, 0, 1
1, 15, 70, 282
1, 15, 70, 281
1, 14, 70, 276
1, 14, 69, 273
1, 14, 68, 272
1, 14, 67, 269
1, 14, 66, 268
1, 14, 65, 265
0, 14, 64, 263
0, 14, 64, 262
0, 13, 64, 259
0, 12, 64, 255
0, 12, 63, 252
3, 12, 62, 249
3, 12, 62, 247
3, 11, 62, 244
3, 10, 62, 238
3, 10, 61, 235
3, 10, 60, 234
3, 10, 59, 231
2, 10, 58, 229
2, 10, 58, 228
2, 9, 58, 225
1, 8, 58, 223
1, 8, 58, 222
1, 7, 58, 219
1, 6, 58, 215
1, 6, 57, 212
1, 6, 56, 210
1, 6, 55, 207
0, 6, 54, 204
0, 6, 54, 202
0, 5, 54, 199
0, 4, 54, 195
0, 4, 53, 193
0, 4, 52, 190
0, 4, 51, 189
0, 4, 50, 186
0, 4, 49, 185
0, 4, 48, 182
3, 4, 47, 177
3, 4, 47, 174
3, 3, 47, 171
3, 2, 47, 170
3, 2, 46, 167
3, 2, 45, 165
3, 2, 44, 162
0, 2, 43, 159
0, 2, 43, 157
0, 1, 43, 156
0, 1, 42, 153
0, 1, 41, 152
0, 1, 40, 149
0, 1, 39, 147
0, 1, 38, 144
0, 1, 37, 139
0, 1, 36, 136
0, 1, 35, 134
0, 1, 34, 131
0, 1, 33, 128
0, 1, 32, 125
0, 1, 31, 119
0, 1, 30, 116
0, 1, 29, 115
0, 1, 28, 112
0, 1, 27, 103
0, 1, 26, 100
0, 1, 25, 95
0, 1, 24, 92
0, 1, 23, 89
0, 1, 22, 86
3, 1, 21, 84
3, 1, 21, 83
3, 0, 21, 80
3, 1, 21, 78
3, 1, 20, 75
3, 1, 19, 74
3, 1, 18, 71
3, 1, 17, 69
3, 1, 16, 66
3, 1, 15, 60
3, 1, 14, 57
3, 1, 13, 55
3, 1, 12, 52
3, 1, 11, 47
3, 1, 10, 44
3, 1, 9, 38
3, 1, 8, 35
3, 1, 7, 34
3, 1, 6, 32
3, 1, 5, 29
3, 1, 4, 28
3, 1, 3, 25
3, 1, 2, 16
3, 1, 1, 13
2, 1, 0, 5
2, 1, 0, 1
1, 1, 30, 171
2, 1, 30, 170
2, 1, 30, 169
2, 1, 29, 166
1, 1, 28, 164
1, 1, 28, 163
1, 2, 28, 160
2, 3, 28, 159
3, 3, 28, 158
3, 3, 28, 157
3, 3, 27, 154
2, 3, 26, 150
2, 3, 26, 148
3, 2, 26, 147
0, 2, 26, 146
0, 2, 26, 145
0, 2, 25, 142
1, 2, 24, 135
2, 2, 24, 131
2, 2, 24, 127
2, 2, 23, 124
3, 2, 22, 123
0, 2, 22, 122
0, 2, 22, 121
0, 2, 21, 118
1, 2, 20, 115
2, 2, 20, 113
2, 2, 20, 111
2, 2, 19, 108
3, 2, 18, 106
0, 2, 18, 105
0, 2, 18, 104
0, 2, 17, 101
1, 2, 16, 99
2, 2, 16, 98
2, 2, 16, 97
2, 2, 15, 94
3, 2, 14, 92
0, 2, 14, 91
0, 2, 14, 90
0, 2, 13, 87
1, 2, 12, 83
2, 2, 12, 81
2, 2, 12, 79
2, 2, 11, 76
3, 2, 10, 69
0, 2, 10, 65
0, 2, 10, 61
0, 2, 9, 58
1, 2, 8, 50
2, 2, 8, 46
2, 2, 8, 42
2, 2, 7, 39
3, 2, 6, 38
0, 2, 6, 37
0, 2, 6, 36
0, 2, 5, 33
1, 2, 4, 32
2, 2, 4, 31
2, 2, 4, 30
2, 2, 3, 27
3, 2, 2, 26
0, 2, 2, 25
0, 2, 2, 24
0, 2, 1, 21
3, 2, 0, 15
3, 2, 0, 12
2, 1, 0, 5
2, 1, 0, 1
1, 6, 22, 118
2, 6, 22, 117
2, 6, 22, 116
3, 6, 21, 114
0, 6, 21, 113
0, 6, 21, 112
0, 6, 20, 109
1, 6, 19, 108
2, 6, 19, 107
2, 6, 19, 106
2, 6, 18, 103
3, 6, 17, 98
0, 6, 17, 95
0, 6, 17, 92
0, 6, 16, 89
1, 6, 15, 84
2, 6, 15, 81
2, 6, 15, 78
2, 6, 14, 75
3, 6, 13, 74
0, 6, 13, 73
0, 6, 13, 72
0, 6, 12, 69
3, 6, 11, 68
3, 6, 11, 67
3, 5, 11, 64
0, 4, 11, 63
1, 4, 11, 62
1, 4, 11, 61
1, 4, 10, 58
2, 4, 9, 53
3, 4, 9, 50
3, 4, 9, 47
3, 4, 8, 44
2, 4, 7, 42
2, 4, 7, 41
2, 3, 7, 38
3, 2, 7, 36
0, 2, 7, 35
0, 2, 7, 34
0, 2, 6, 31
1, 2, 5, 30
2, 2, 5, 29
2, 2, 5, 28
1, 2, 4, 26
1, 2, 4, 25
1, 1, 4, 22
2, 0, 4, 19
3, 0, 4, 17
3, 0, 4, 15
3, 0, 3, 12
0, 0, 2, 8
1, 0, 2, 6
1, 0, 2, 4
1, 0, 1, 1
3, 0, 12, 58
3, 0, 12, 57
3, 1, 12, 56
3, 1, 11, 53
3, 1, 10, 51
3, 1, 9, 48
2, 1, 8, 47
2, 1, 8, 46
2, 0, 8, 43
2, 1, 8, 40
2, 1, 7, 37
2, 1, 6, 31
2, 1, 5, 28
2, 1, 4, 23
2, 1, 3, 20
2, 1, 2, 16
2, 1, 1, 13
1, 1, 0, 5
1, 1, 0, 1
1, 15, 70, 282
1, 15, 70, 281
1, 14, 70, 276
1, 14, 69, 273
1, 14, 68, 272
1, 14, 67, 269
1, 14, 66, 268
1, 14, 65, 265
0, 14, 64, 263
0, 14, 64, 262
0, 13, 64, 259
0, 12, 64, 255
0, 12, 63, 252
3, 12, 62, 249
3, 12, 62, 247
3, 11, 62, 244
3, 10, 62, 238
3, 10, 61, 235
3, 10, 60, 234
3, 10, 59, 231
2, 10, 58, 229
2, 10, 58, 228
2, 9, 58, 225
1, 8, 58, 223
1, 8, 58, 222
1, 7, 58, 219
1, 6, 58, 215
1, 6, 57, 212
1, 6, 56, 210
1, 6, 55, 207
0, 6, 54, 204
0, 6, 54, 202
0, 5, 54, 199
0, 4, 54, 195
0, 4, 53, 193
0, 4, 52, 190
0, 4, 51, 189
0, 4, 50, 186
0, 4, 49, 185
0, 4, 48, 182
3, 4, 47, 177
3, 4, 47, 174
3, 3, 47, 171
3, 2, 47, 170
3, 2, 46, 167
3, 2, 45, 165
3, 2, 44, 162
0, 2, 43, 159
0, 2, 43, 157
0, 1, 43, 156
0, 1, 42, 153
0, 1, 41, 152
0, 1, 40, 149
0, 1, 39, 147
0, 1, 38, 144
0, 1, 37, 139
0, 1, 36, 136
0, 1, 35, 134
0, 1, 34, 131
0, 1, 33, 128
0, 1, 32, 125
0, 1, 31, 119
0, 1, 30, 116
0, 1, 29, 115
0, 1, 28, 112
0, 1, 27, 103
0, 1, 26, 100
0, 1, 25, 95
0, 1, 24, 92
0, 1, 23, 89
0, 1, 22, 86
3, 1, 21, 84
3, 1, 21, 83
3, 0, 21, 80
3, 1, 21, 78
3, 1, 20, 75
3, 1, 19, 74
3, 1, 18, 71
3, 1, 17, 69
3, 1, 16, 66
3, 1, 15, 60
3, 1, 14, 57
3, 1, 13, 55
3, 1, 12, 52
3, 1, 11, 47
3, 1, 10, 44
3, 1, 9, 38
3, 1, 8, 35
3, 1, 7, 34
3, 1, 6, 32
3, 1, 5, 29
3, 1, 4, 28
3, 1, 3, 25
3, 1, 2, 16
3, 1, 1, 13
2, 1, 0, 5
2, 1, 0, 1
1, 1, 30, 171
2, 1, 30, 170
2, 1, 30, 169
2, 1, 29, 166
1, 1, 28, 164
1, 1, 28, 163
1, 2, 28, 160
2, 3, 28, 159
3, 3, 28, 158
3, 3, 28, 157
3, 3, 27, 154
2, 3, 26, 150
2, 3, 26, 148
3, 2, 26, 147
0, 2, 26, 146
0, 2, 26, 145
0, 2, 25, 142
1, 2, 24, 135
2, 2, 24, 131
2, 2, 24, 127
2, 2, 23, 124
3, 2, 22, 123
0, 2, 22, 122
0, 2, 22, 121
0, 2, 21, 118
1, 2, 20, 115
2, 2, 20, 113
2, 2, 20, 111
2, 2, 19, 108
3, 2, 18, 106
0, 2, 18, 105
0, 2, 18, 104
0, 2, 17, 101
1, 2, 16, 99
2, 2, 16, 98
2, 2, 16, 97
2, 2, 15, 94
3, 2, 14, 92
0, 2, 14, 91
0, 2, 14, 90
0, 2, 13, 87
1, 2, 12, 83
2, 2, 12, 81
2, 2, 12, 79
2, 2, 11, 76
3, 2, 10, 69
0, 2, 10, 65
0, 2, 10, 61
0, 2, 9, 58
1, 2, 8, 50
2, 2, 8, 46
2, 2, 8, 42
2, 2, 7, 39
3, 2, 6, 38
0, 2, 6, 37
0, 2, 6, 36
0, 2, 5, 33
1, 2, 4, 32
2, 2, 4, 31
2, 2, 4, 30
2, 2, 3, 27
3, 2, 2, 26
0, 2, 2, 25
0, 2, 2, 24
0, 2, 1, 21
3, 2, 0, 15
3, 2, 0, 12
2, 1, 0, 5
2, 1, 0, 1
1, 6, 22, 118
2, 6, 22, 117
2, 6, 22, 116
3, 6, 21, 114
0, 6, 21, 113
0, 6, 21, 112
0, 6, 20, 109
1, 6, 19, 108
2, 6, 19, 107
2, 6, 19, 106
2, 6, 18, 103
3, 6, 17, 98
0, 6, 17, 95
0, 6, 17, 92
0, 6, 16, 89
1, 6, 15, 84
2, 6, 15, 81
2, 6, 15, 78
2, 6, 14, 75
3, 6, 13, 74
0, 6, 13, 73
0, 6, 13, 72
0, 6, 12, 69
3, 6, 11, 68
3, 6, 11, 67
3, 5, 11, 64
0, 4, 11, 63
1, 4, 11, 62
1, 4, 11, 61
1, 4, 10, 58
2, 4, 9, 53
3, 4, 9, 50
3, 4, 9, 47
3, 4, 8, 44
2, 4, 7, 42
2, 4, 7, 41
2, 3, 7, 38
3, 2, 7, 36
0, 2, 7, 35
0, 2, 7, 34
0, 2, 6, 31
1, 2, 5, 30
2, 2, 5, 29
2, 2, 5, 28
1, 2, 4, 26
1, 2, 4, 25
1, 1, 4, 22
2, 0, 4, 19
3, 0, 4, 17
3, 0, 4, 15
3, 0, 3, 12
0, 0, 2, 8
1, 0, 2, 6
1, 0, 2, 4
1, 0, 1, 1
3, 5, 8, 35
3, 5, 8, 34
3, 4, 8, 31
3, 3, 8, 27
2, 3, 7, 26
2, 3, 7, 25
2, 2, 7, 22
2, 1, 7, 19
2, 1, 6, 16
2, 1, 5, 15
1, 1, 4, 13
1, 1, 4, 12
1, 0, 4, 11
1, 0, 3, 8
1, 0, 2, 4
1, 0, 1, 1
3, 0, 12, 58
3, 0, 12, 57
3, 1, 12, 56
3, 1, 11, 53
3, 1, 10, 51
3, 1, 9, 48
2, 1, 8, 47
2, 1, 8, 46
2, 0, 8, 43
2, 1, 8, 40
2, 1, 7, 37
2, 1, 6, 31
2, 1, 5, 28
2, 1, 4, 23
2, 1, 3, 20
2, 1, 2, 16
2, 1, 1, 13
1, 1, 0, 5
1, 1, 0, 1
1, 15, 70, 282
1, 15, 70, 281
1, 14, 70, 276
1, 14, 69, 273
1, 14, 68, 272
1, 14, 67, 269
1, 14, 66, 268
1, 14, 65, 265
0, 14, 64, 263
0, 14, 64, 262
0, 13, 64, 259
0, 12, 64, 255
0, 12, 63, 252
3, 12, 62, 249
3, 12, 62, 247
3, 11, 62, 244
3, 10, 62, 238
3, 10, 61, 235
3, 10, 60, 234
3, 10, 59, 231
2, 10, 58, 229
2, 10, 58, 228
2, 9, 58, 225
1, 8, 58, 223
1, 8, 58, 222
1, 7, 58, 219
1, 6, 58, 215
1, 6, 57, 212
1, 6, 56, 210
1, 6, 55, 207
0, 6, 54, 204
0, 6, 54, 202
0, 5, 54, 199
0, 4, 54, 195
0, 4, 53, 193
0, 4, 52, 190
0, 4, 51, 189
0, 4, 50, 186
0, 4, 49, 185
0, 4, 48, 182
3, 4, 47, 177
3, 4, 47, 174
3, 3, 47, 171
3, 2, 47, 170
3, 2, 46, 167
3, 2, 45, 165
3, 2, 44, 162
0, 2, 43, 159
0, 2, 43, 157
0, 1, 43, 156
0, 1, 42, 153
0, 1, 41, 152
0, 1, 40, 149
0, 1, 39, 147
0, 1, 38, 144
0, 1, 37, 139
0, 1, 36, 136
0, 1, 35, 134
0, 1, 34, 131
0, 1, 33, 128
0, 1, 32, 125
0, 1, 31, 119
0, 1, 30, 116
0, 1, 29, 115
0, 1, 28, 112
0, 1, 27, 103
0, 1, 26, 100
0, 1, 25, 95
0, 1, 24, 92
0, 1, 23, 89
0, 1, 22, 86
3, 1, 21, 84
3, 1, 21, 83
3, 0, 21, 80
3, 1, 21, 78
3, 1, 20, 75
3, 1, 19, 74
3, 1, 18, 71
3, 1, 17, 69
3, 1, 16, 66
3, 1, 15, 60
3, 1, 14, 57
3, 1, 13, 55
3, 1, 12, 52
3, 1, 11, 47
3, 1, 10, 44
3, 1, 9, 38
3, 1, 8, 35
3, 1, 7, 34
3, 1, 6, 32
3, 1, 5, 29
3, 1, 4, 28
3, 1, 3, 25
3, 1, 2, 16
3, 1, 1, 13
2, 1, 0, 5
2, 1, 0, 1
1, 1, 30, 171
2, 1, 30, 170
2, 1, 30, 169
2, 1, 29, 166
1, 1, 28, 164
1, 1, 28, 163
1, 2, 28, 160
2, 3, 28, 159
3, 3, 28, 158
3, 3, 28, 157
3, 3, 27, 154
2, 3, 26, 150
2, 3, 26, 148
3, 2, 26, 147
0, 2, 26, 146
0, 2, 26, 145
0, 2, 25, 142
1, 2, 24, 135
2, 2, 24, 131
2, 2, 24, 127
2, 2, 23, 124
3, 2, 22, 123
0, 2, 22, 122
0, 2, 22, 121
0, 2, 21, 118
1, 2, 20, 115
2, 2, 20, 113
2, 2, 20, 111
2, 2, 19, 108
3, 2, 18, 106
0, 2, 18, 105
0, 2, 18, 104
0, 2, 17, 101
1, 2, 16, 99
2, 2, 16, 98
2, 2, 16, 97
2, 2, 15, 94
3, 2, 14, 92
0, 2, 14, 91
0, 2, 14, 90
0, 2, 13, 87
1, 2, 12, 83
2, 2, 12, 81
2, 2, 12, 79
2, 2, 11, 76
3, 2, 10, 69
0, 2, 10, 65
0, 2, 10, 61
0, 2, 9, 58
1, 2, 8, 50
2, 2, 8, 46
2, 2, 8, 42
2, 2, 7, 39
3, 2, 6, 38
0, 2, 6, 37
0, 2, 6, 36
0, 2, 5, 33
1, 2, 4, 32
2, 2, 4, 31
2, 2, 4, 30
2, 2, 3, 27
3, 2, 2, 26
0, 2, 2, 25
0, 2, 2, 24
0, 2, 1, 21
3, 2, 0, 15
3, 2, 0, 12
2, 1, 0, 5
2, 1, 0, 1
1, 6, 22, 118
2, 6, 22, 117
2, 6, 22, 116
3, 6, 21, 114
0, 6, 21, 113
0, 6, 21, 112
0, 6, 20, 109
1, 6, 19, 108
2, 6, 19, 107
2, 6, 19, 106
2, 6, 18, 103
3, 6, 17, 98
0, 6, 17, 95
0, 6, 17, 92
0, 6, 16, 89
1, 6, 15, 84
2, 6, 15, 81
2, 6, 15, 78
2, 6, 14, 75
3, 6, 13, 74
0, 6, 13, 73
0, 6, 13, 72
0, 6, 12, 69
3, 6, 11, 68
3, 6, 11, 67
3, 5, 11, 64
0, 4, 11, 63
1, 4, 11, 62
1, 4, 11, 61
1, 4, 10, 58
2, 4, 9, 53
3, 4, 9, 50
3, 4, 9, 47
3, 4, 8, 44
2, 4, 7, 42
2, 4, 7, 41
2, 3, 7, 38
3, 2, 7, 36
0, 2, 7, 35
0, 2, 7, 34
0, 2, 6, 31
1, 2, 5, 30
2, 2, 5, 29
2, 2, 5, 28
1, 2, 4, 26
1, 2, 4, 25
1, 1, 4, 22
2, 0, 4, 19
3, 0, 4, 17
3, 0, 4, 15
3, 0, 3, 12
0, 0, 2, 8
1, 0, 2, 6
1, 0, 2, 4
1, 0, 1, 1
3, 5, 8, 35
3, 5, 8, 34
3, 4, 8, 31
3, 3, 8, 27
2, 3, 7, 26
2, 3, 7, 25
2, 2, 7, 22
2, 1, 7, 19
2, 1, 6, 16
2, 1, 5, 15
1, 1, 4, 13
1, 1, 4, 12
1, 0, 4, 11
1, 0, 3, 8
1, 0, 2, 4
1, 0, 1, 1
1, 32, 60, 421
2, 32, 60, 420
2, 32, 60, 419
2, 32, 59, 416
3, 32, 58, 413
0, 32, 58, 411
0, 32, 58, 409
0, 32, 57, 406
3, 32, 56, 404
3, 32, 56, 403
0, 31, 56, 402
1, 31, 56, 401
1, 31, 56, 400
1, 31, 55, 397
2, 31, 54, 388
3, 31, 54, 383
3, 31, 54, 378
3, 31, 53, 375
2, 31, 52, 372
2, 31, 52, 370
3, 30, 52, 367
0, 30, 52, 365
0, 30, 52, 363
0, 30, 51, 360
3, 30, 50, 359
3, 30, 50, 358
0, 29, 50, 353
1, 29, 50, 350
1, 29, 50, 347
1, 29, 49, 344
2, 29, 48, 342
3, 29, 48, 341
3, 29, 48, 340
3, 29, 47, 337
0, 29, 46, 331
1, 29, 46, 328
1, 29, 46, 325
1, 29, 45, 322
0, 29, 44, 321
0, 29, 44, 320
0, 28, 44, 317
3, 27, 44, 316
3, 27, 44, 315
3, 26, 44, 312
2, 25, 44, 310
2, 25, 44, 309
2, 24, 44, 306
1, 23, 44, 303
1, 23, 44, 301
2, 22, 44, 300
3, 22, 44, 299
3, 22, 44, 298
3, 22, 43, 295
0, 22, 42, 294
1, 22, 42, 293
1, 22, 42, 292
1, 22, 41, 289
2, 22, 40, 286
3, 22, 40, 284
3, 22, 40, 282
3, 22, 39, 279
0, 22, 38, 273
1, 22, 38, 270
1, 22, 38, 267
1, 22, 37, 264
0, 22, 36, 263
0, 22, 36, 262
3, 21, 36, 260
3, 21, 36, 259
3, 20, 36, 256
0, 19, 36, 255
1, 19, 36, 254
1, 19, 36, 253
2, 19, 35, 251
3, 19, 35, 250
3, 19, 35, 249
3, 19, 34, 246
0, 19, 33, 245
1, 19, 33, 244
1, 19, 33, 243
1, 19, 32, 240
2, 19, 31, 234
3, 19, 31, 231
3, 19, 31, 228
3, 19, 30, 225
0, 19, 29, 216
1, 19, 29, 211
1, 19, 29, 206
1, 19, 28, 203
2, 19, 27, 198
3, 19, 27, 195
3, 19, 27, 192
3, 19, 26, 189
0, 19, 25, 187
1, 19, 25, 186
1, 19, 25, 185
1, 19, 24, 182
0, 19, 23, 181
0, 19, 23, 180
1, 18, 23, 179
2, 18, 23, 178
2, 18, 23, 177
2, 18, 22, 174
1, 18, 21, 169
1, 18, 21, 166
1, 17, 21, 163
0, 16, 21, 162
0, 16, 21, 161
0, 15, 21, 158
1, 14, 21, 157
2, 14, 21, 156
2, 14, 21, 155
3, 14, 20, 152
0, 14, 20, 150
0, 14, 20, 148
0, 14, 19, 145
1, 14, 18, 144
2, 14, 18, 143
2, 14, 18, 142
2, 14, 17, 139
3, 14, 16, 136
0, 14, 16, 134
0, 14, 16, 132
0, 14, 15, 129
1, 14, 14, 123
2, 14, 14, 120
2, 14, 14, 117
2, 14, 13, 114
1, 14, 12, 113
1, 14, 12, 112
2, 13, 12, 109
3, 13, 12, 107
3, 13, 12, 105
3, 13, 11, 102
0, 13, 10, 98
1, 13, 10, 96
1, 13, 10, 94
1, 13, 9, 91
0, 13, 8, 90
0, 13, 8, 89
1, 12, 8, 88
2, 12, 8, 87
2, 12, 8, 86
2, 12, 7, 83
3, 12, 6, 78
0, 12, 6, 75
0, 12, 6, 72
0, 12, 5, 69
3, 12, 4, 67
3, 12, 4, 66
2, 11, 4, 60
2, 11, 4, 57
2, 10, 4, 54
1, 9, 4, 51
1, 9, 4, 49
1, 8, 4, 46
0, 7, 4, 45
0, 7, 4, 44
0, 6, 4, 41
3, 5, 4, 39
3, 5, 4, 38
3, 4, 4, 35
2, 3, 4, 32
2, 3, 4, 30
2, 2, 4, 27
3, 1, 4, 24
0, 1, 4, 22
0, 1, 4, 20
0, 1, 3, 17
1, 1, 2, 14
2, 1, 2, 12
2, 1, 2, 10
2, 1, 1, 7
1, 1, 0, 3
1, 1, 0, 1
3, 0, 12, 58
3, 0, 12, 57
3, 1, 12, 56
3, 1, 11, 53
3, 1, 10, 51
3, 1, 9, 48
2, 1, 8, 47
2, 1, 8, 46
2, 0, 8, 43
2, 1, 8, 40
2, 1, 7, 37
2, 1, 6, 31
2, 1, 5, 28
2, 1, 4, 23
2, 1, 3, 20
2, 1, 2, 16
2, 1, 1, 13
1, 1, 0, 5
1, 1, 0, 1
1, 15, 70, 282
1, 15, 70, 281
1, 14, 70, 276
1, 14, 69, 273
1, 14, 68, 272
1, 14, 67, 269
1, 14, 66, 268
1, 14, 65, 265
0, 14, 64, 263
0, 14, 64, 262
0, 13, 64, 259
0, 12, 64, 255
0, 12, 63, 252
3, 12, 62, 249
3, 12, 62, 247
3, 11, 62, 244
3, 10, 62, 238
3, 10, 61, 235
3, 10, 60, 234
3, 10, 59, 231
2, 10, 58, 229
2, 10, 58, 228
2, 9, 58, 225
1, 8, 58, 223
1, 8, 58, 222
1, 7, 58, 219
1, 6, 58, 215
1, 6, 57, 212
1, 6, 56, 210
1, 6, 55, 207
0, 6, 54, 204
0, 6, 54, 202
0, 5, 54, 199
0, 4, 54, 195
0, 4, 53, 193
0, 4, 52, 190
0, 4, 51, 189
0, 4, 50, 186
0, 4, 49, 185
0, 4, 48, 182
3, 4, 47, 177
3, 4, 47, 174
3, 3, 47, 171
3, 2, 47, 170
3, 2, 46, 167
3, 2, 45, 165
3, 2, 44, 162
0, 2, 43, 159
0, 2, 43, 157
0, 1, 43, 156
0, 1, 42, 153
0, 1, 41, 152
0, 1, 40, 149
0, 1, 39, 147
0, 1, 38, 144
0, 1, 37, 139
0, 1, 36, 136
0, 1, 35, 134
0, 1, 34, 131
0, 1, 33, 128
0, 1, 32, 125
0, 1, 31, 119
0, 1, 30, 116
0, 1, 29, 115
0, 1, 28, 112
0, 1, 27, 103
0, 1, 26, 100
0, 1, 25, 95
0, 1, 24, 92
0, 1, 23, 89
0, 1, 22, 86
3, 1, 21, 84
3, 1, 21, 83
3, 0, 21, 80
3, 1, 21, 78
3, 1, 20, 75
3, 1, 19, 74
3, 1, 18, 71
3, 1, 17, 69
3, 1, 16, 66
3, 1, 15, 60
3, 1, 14, 57
3, 1, 13, 55
3, 1, 12, 52
3, 1, 11, 47
3, 1, 10, 44
3, 1, 9, 38
3, 1, 8, 35
3, 1, 7, 34
3, 1, 6, 32
3, 1, 5, 29
3, 1, 4, 28
3, 1, 3, 25
3, 1, 2, 16
3, 1, 1, 13
2, 1, 0, 5
2, 1, 0, 1
1, 1, 30, 171
2, 1, 30, 170
2, 1, 30, 169
2, 1, 29, 166
1, 1, 28, 164
1, 1, 28, 163
1, 2, 28, 160
2, 3, 28, 159
3, 3, 28, 158
3, 3, 28, 157
3, 3, 27, 154
2, 3, 26, 150
2, 3, 26, 148
3, 2, 26, 147
0, 2, 26, 146
0, 2, 26, 145
0, 2, 25, 142
1, 2, 24, 135
2, 2, 24, 131
2, 2, 24, 127
2, 2, 23, 124
3, 2, 22, 123
0, 2, 22, 122
0, 2, 22, 121
0, 2, 21, 118
1, 2, 20, 115
2, 2, 20, 113
2, 2, 20, 111
2, 2, 19, 108
3, 2, 18, 106
0, 2, 18, 105
0, 2, 18, 104
0, 2, 17, 101
1, 2, 16, 99
2, 2, 16, 98
2, 2, 16, 97
2, 2, 15, 94
3, 2, 14, 92
0, 2, 14, 91
0, 2, 14, 90
0, 2, 13, 87
1, 2, 12, 83
2, 2, 12, 81
2, 2, 12, 79
2, 2, 11, 76
3, 2, 10, 69
0, 2, 10, 65
0, 2, 10, 61
0, 2, 9, 58
1, 2, 8, 50
2, 2, 8, 46
2, 2, 8, 42
2, 2, 7, 39
3, 2, 6, 38
0, 2, 6, 37
0, 2, 6, 36
0, 2, 5, 33
1, 2, 4, 32
2, 2, 4, 31
2, 2, 4, 30
2, 2, 3, 27
3, 2, 2, 26
0, 2, 2, 25
0, 2, 2, 24
0, 2, 1, 21
3, 2, 0, 15
3, 2, 0, 12
2, 1, 0, 5
2, 1, 0, 1
1, 6, 22, 118
2, 6, 22, 117
2, 6, 22, 116
3, 6, 21, 114
0, 6, 21, 113
0, 6, 21, 112
0, 6, 20, 109
1, 6, 19, 108
2, 6, 19, 107
2, 6, 19, 106
2, 6, 18, 103
3, 6, 17, 98
0, 6, 17, 95
0, 6, 17, 92
0, 6, 16, 89
1, 6, 15, 84
2, 6, 15, 81
2, 6, 15, 78
2, 6, 14, 75
3, 6, 13, 74
0, 6, 13, 73
0, 6, 13, 72
0, 6, 12, 69
3, 6, 11, 68
3, 6, 11, 67
3, 5, 11, 64
0, 4, 11, 63
1, 4, 11, 62
1, 4, 11, 61
1, 4, 10, 58
2, 4, 9, 53
3, 4, 9, 50
3, 4, 9, 47
3, 4, 8, 44
2, 4, 7, 42
2, 4, 7, 41
2, 3, 7, 38
3, 2, 7, 36
0, 2, 7, 35
0, 2, 7, 34
0, 2, 6, 31
1, 2, 5, 30
2, 2, 5, 29
2, 2, 5, 28
1, 2, 4, 26
1, 2, 4, 25
1, 1, 4, 22
2, 0, 4, 19
3, 0, 4, 17
3, 0, 4, 15
3, 0, 3, 12
0, 0, 2, 8
1, 0, 2, 6
1, 0, 2, 4
1, 0, 1, 1
3, 5, 8, 35
3, 5, 8, 34
3, 4, 8, 31
3, 3, 8, 27
2, 3, 7, 26
2, 3, 7, 25
2, 2, 7, 22
2, 1, 7, 19
2, 1, 6, 16
2, 1, 5, 15
1, 1, 4, 13
1, 1, 4, 12
1, 0, 4, 11
1, 0, 3, 8
1, 0, 2, 4
1, 0, 1, 1
1, 32, 60, 421
2, 32, 60, 420
2, 32, 60, 419
2, 32, 59, 416
3, 32, 58, 413
0, 32, 58, 411
0, 32, 58, 409
0, 32, 57, 406
3, 32, 56, 404
3, 32, 56, 403
0, 31, 56, 402
1, 31, 56, 401
1, 31, 56, 400
1, 31, 55, 397
2, 31, 54, 388
3, 31, 54, 383
3, 31, 54, 378
3, 31, 53, 375
2, 31, 52, 372
2, 31, 52, 370
3, 30, 52, 367
0, 30, 52, 365
0, 30, 52, 363
0, 30, 51, 360
3, 30, 50, 359
3, 30, 50, 358
0, 29, 50, 353
1, 29, 50, 350
1, 29, 50, 347
1, 29, 49, 344
2, 29, 48, 342
3, 29, 48, 341
3, 29, 48, 340
3, 29, 47, 337
0, 29, 46, 331
1, 29, 46, 328
1, 29, 46, 325
1, 29, 45, 322
0, 29, 44, 321
0, 29, 44, 320
0, 28, 44, 317
3, 27, 44, 316
3, 27, 44, 315
3, 26, 44, 312
2, 25, 44, 310
2, 25, 44, 309
2, 24, 44, 306
1, 23, 44, 303
1, 23, 44, 301
2, 22, 44, 300
3, 22, 44, 299
3, 22, 44, 298
3, 22, 43, 295
0, 22, 42, 294
1, 22, 42, 293
1, 22, 42, 292
1, 22, 41, 289
2, 22, 40, 286
3, 22, 40, 284
3, 22, 40, 282
3, 22, 39, 279
0, 22, 38, 273
1, 22, 38, 270
1, 22, 38, 267
1, 22, 37, 264
0, 22, 36, 263
0, 22, 36, 262
3, 21, 36, 260
3, 21, 36, 259
3, 20, 36, 256
0, 19, 36, 255
1, 19, 36, 254
1, 19, 36, 253
2, 19, 35, 251
3, 19, 35, 250
3, 19, 35, 249
3, 19, 34, 246
0, 19, 33, 245
1, 19, 33, 244
1, 19, 33, 243
1, 19, 32, 240
2, 19, 31, 234
3, 19, 31, 231
3, 19, 31, 228
3, 19, 30, 225
0, 19, 29, 216
1, 19, 29, 211
1, 19, 29, 206
1, 19, 28, 203
2, 19, 27, 198
3, 19, 27, 195
3, 19, 27, 192
3, 19, 26, 189
0, 19, 25, 187
1, 19, 25, 186
1, 19, 25, 185
1, 19, 24, 182
0, 19, 23, 181
0, 19, 23, 180
1, 18, 23, 179
2, 18, 23, 178
2, 18, 23, 177
2, 18, 22, 174
1, 18, 21, 169
1, 18, 21, 166
1, 17, 21, 163
0, 16, 21, 162
0, 16, 21, 161
0, 15, 21, 158
1, 14, 21, 157
2, 14, 21, 156
2, 14, 21, 155
3, 14, 20, 152
0, 14, 20, 150
0, 14, 20, 148
0, 14, 19, 145
1, 14, 18, 144
2, 14, 18, 143
2, 14, 18, 142
2, 14, 17, 139
3, 14, 16, 136
0, 14, 16, 134
0, 14, 16, 132
0, 14, 15, 129
1, 14, 14, 123
2, 14, 14, 120
2, 14, 14, 117
2, 14, 13, 114
1, 14, 12, 113
1, 14, 12, 112
2, 13, 12, 109
3, 13, 12, 107
3, 13, 12, 105
3, 13, 11, 102
0, 13, 10, 98
1, 13, 10, 96
1, 13, 10, 94
1, 13, 9, 91
0, 13, 8, 90
0, 13, 8, 89
1, 12, 8, 88
2, 12, 8, 87
2, 12, 8, 86
2, 12, 7, 83
3, 12, 6, 78
0, 12, 6, 75
0, 12, 6, 72
0, 12, 5, 69
3, 12, 4, 67
3, 12, 4, 66
2, 11, 4, 60
2, 11, 4, 57
2, 10, 4, 54
1, 9, 4, 51
1, 9, 4, 49
1, 8, 4, 46
0, 7, 4, 45
0, 7, 4, 44
0, 6, 4, 41
3, 5, 4, 39
3, 5, 4, 38
3, 4, 4, 35
2, 3, 4, 32
2, 3, 4, 30
2, 2, 4, 27
3, 1, 4, 24
0, 1, 4, 22
0, 1, 4, 20
0, 1, 3, 17
1, 1, 2, 14
2, 1, 2, 12
2, 1, 2, 10
2, 1, 1, 7
1, 1, 0, 3
1, 1, 0, 1
1, 23, 16, 150
1, 23, 16, 149
1, 22, 16, 146
1, 22, 15, 143
1, 22, 14, 138
1, 22, 13, 135
0, 22, 12, 133
0, 22, 12, 132
0, 21, 12, 129
3, 20, 12, 126
3, 20, 12, 124
3, 19, 12, 121
3, 18, 12, 116
3, 18, 11, 113
3, 18, 10, 110
3, 18, 9, 107
3, 18, 8, 102
0, 18, 7, 100
0, 18, 7, 99
3, 17, 7, 97
3, 17, 7, 96
3, 16, 7, 93
3, 15, 7, 91
3, 15, 6, 88
3, 15, 5, 83
3, 15, 4, 80
2, 15, 3, 77
2, 15, 3, 75
2, 14, 3, 72
1, 13, 3, 67
1, 13, 3, 64
1, 12, 3, 61
0, 11, 3, 58
0, 11, 3, 56
0, 10, 3, 53
0, 9, 3, 50
0, 9, 2, 47
3, 9, 1, 46
3, 9, 1, 45
3, 8, 1, 42
2, 7, 1, 35
2, 7, 1, 31
2, 6, 1, 28
2, 5, 1, 23
3, 5, 0, 22
3, 5, 0, 21
2, 4, 0, 17
2, 4, 0, 15
2, 3, 0, 12
1, 2, 0, 7
1, 2, 0, 4
1, 1, 0, 1
0, 1, 2, 10
0, 1, 1, 7
3, 1, 0, 3
3, 1, 0, 1
0, 1, 2, 10
0, 1, 1, 7
3, 1, 0, 3
3, 1, 0, 1
